cin,company_name,status,authorized_capital,paidup_capital,class
U72900PN2020OPC194352,ADDVIC TECHNOLOGY (OPC) PRIVATE LIMITED,Active,100000.00,100000.00,One Person Company
U74999KA2016PTC097713,COSMOPTIMUM CONSULTANCY SERVICES PRIVATE LIMITED,Active,500000.00,100000.00,Private
U82990MH2025PTC444776,ANANTA MARITIME SOLUTIONS PRIVATE LIMITED,Active,100000.00,100000.00,Private
U74110DL2007PTC162014,PASHLO EXIM INDIA PRIVATE LIMITED,Active,100000,100000,Private
U51900KA2022PTC167377,KACKLEWALLS NUTRITION PRIVATE LIMITED,Active,1500000.00,1070270.00,Private
U45203TN1997PLC039087,GREEN COUNTRY CONSTRUCTIONS LIMITED,Strike Off,10000000.00,0.00,Public
U13209MH2018PTC304093,ARS GOLD PRIVATE LIMITED,Active,1000000.00,100000.00,Private
U24299GJ2022PTC137812,SABARASH INDIAN PHARMA PRIVATE LIMITED,Active,100000.00,100000.00,Private
U65999MH2008PTC189262,TIARA CAPITAL ADVISORS PRIVATE LIMITED,Strike Off,500000.00,0.00,Private
U74999MH2017PTC297644,ALFANIS SERVICES INDIA PRIVATE LIMITED,Strike Off,500000.00,100000.00,Private
U74999DL2013PTC260796,EAGER BEAVER CONSULTANTS PRIVATE LIMITED,Strike Off,100000,100000,Private
U65910DL1996PTC076010,N J V LEASING & INVESTMENTS PRIVATE LIMITED,Strike Off,2500000,100000,Private
U67120KA1999PTC026046,CRS SECURITIES PRIVATE LIMITED,Strike Off,500000.00,225000.00,Private
U24230GJ2009PTC056407,NEEL HEALTH CARE PRIVATE LIMITED,Strike Off,100000.00,100000.00,Private
U62099DL2025PTC444311,DEEPENGINE AI PRIVATE LIMITED,Active,100000,10000,Private
U36910GJ2005PTC046167,KUNDAN BULLION PRIVATE LIMITED,Active,2000000.00,1500000.00,Private
U78100DL2023PTC412897,ITP HR GLOBAL CONSULTANCY SERVICES PRIVATE LIMITED,Active,100000,10000,Private
U17200GJ2014PTC081484,VARUDI COTTONS AND GINNING PRIVATE LIMITED,Under Liquidation,1000000.00,1000000.00,Private
U74999MH2014PTC257095,SHRIKRISHNA GLOBAL RESEARCH INSTITUTE PRIVATE LIMITED,Active,100000.00,100000.00,Private
U52190GJ2014PTC078723,FUNCTIONAL DECOR PRIVATE LIMITED,Active,100000.00,100000.00,Private
U72900TN2002PTC050017,JAVA GREEN BPO PRIVATE LIMITED,Strike Off,100000.00,100000.00,Private
L74899DL1993PLC054313,NU TEK INDIA LIMITED,Under Liquidation,1000000000,772600000,Public
U73100MH2013PTC250459,MANAS SEEDS PRIVATE LIMITED,Active,20000000.00,16177240.00,Private
U70100DL2014PTC271055,JHINJARYA DEVELOPERS PRIVATE LIMITED,Strike Off,1000000,100000,Private
U55101MH1996PTC095873,GIRIJA MOTELS AND COTTAGE PRIVATE LIMITED,Active,1000000.00,997000.00,Private
U92412GJ1986GAT008564,RADHE GYMKHANA PRIVATE LIMITED,Active,0.00,0.00,Private
U37100KA2010PTC053301,MATHA WASTE MANAGEMENT PRIVATE LIMITED,Strike Off,5000000.00,5000000.00,Private
U22219KA2014PTC074950,ORIGAMI CREATIVE PRIVATE LIMITED,Active,3000000.00,3000000.00,Private
U60200MH2024PTC420072,UNIBOX ENTERTAINMENT PRIVATE LIMITED,Active,100000.00,100000.00,Private
U68100DL2025PTC443156,BAS HOMEZ AND RENT PRIVATE LIMITED,Active,100000,100000,Private
U51909DL2020PTC368827,MPTD IMPEX PRIVATE LIMITED,Active,1000000,100000,Private
U74999DL2014PTC264211,KASA SALES PRIVATE LIMITED,Strike Off,100000,100000,Private
U66190DL2024PTC433689,GROWTHVISTA RESEARCH SERVICES PRIVATE LIMITED,Active,2500000,2500000,Private
U72200KA2013PTC069346,INDEEDSOFT TECHNOSOL PRIVATE LIMITED,Strike Off,100000.00,100000.00,Private
U47219DL2023PTC422681,GAHLOT WHEATHARBOR TRADING PRIVATE LIMITED,Active,100000,100000,Private
U74999DL2018PTC341182,AARTH FACILITATORS PRIVATE LIMITED,Active,100000,100000,Private
U27106DL1987PLC030146,HARMAN ALLOYS LTD,Active,2500000,2210200,Public
U17291MH2013PTC244046,SIDDHARTH POOJA SPINTEX PRIVATE LIMITED,Strike Off,100000.00,100000.00,Private
U65910GJ1982PTC005337,ALCOVE INVESTMENTS PRIVATE LIMITED,Strike Off,20000.00,1000.00,Private
U24200MH1988PTC048079,ATIQSONS INDIA PRIVATE LIMITED,Strike Off,500000.00,0.00,Private
U70100MH1996PTC102421,VINSHIR PREMISES PRIVATE LIMITED,Strike Off,500000.00,0.00,Private
U74140GJ1997PTC032817,SAMADHILINK PLACEMENT CONSULATANTS PRIVATE LIMITED,Strike Off,1000000.00,0.00,Private
U85110TN2003PTC050391,GKM HOSPITAL PRIVATE LIMITED,Active,100000.00,100000.00,Private
U70100DL2010PTC200839,SAMSARA INFRATECH PRIVATE LIMITED,Strike Off,1000000,300000,Private
U74999DL2009PTC190457,NSV CONSULTANCY PRIVATE LIMITED,Active,100000,100000,Private
U65910GJ1983PTC006469,DASHMOHAN INVESTMENTS PVT LTD,Active,100000.00,100000.00,Private
U74220DL1983PTC016680,VAIBHAV INVESTMENTS PRIVATE LIMITED,Strike Off,100000,4000,Private
U22212MH1997PTC108614,PRASHANT OFFSET PRIVATE LIMITED,Strike Off,500000.00,9000.00,Private
U45203MH2012PTC229408,VENKATESHWARA DWELLERS PRIVATE LIMITED,Active,100000.00,100000.00,Private
U72900KA2017PTC105249,AAKNET (INDIA) PRIVATE LIMITED,Strike Off,1000000.00,100000.00,Private
U45200MH2007PTC167529,ROBIN HOME DEVELOPERS PRIVATE LIMITED,Active,100000.00,100000.00,Private
U74899DL1988PTC033307,KANGAROO INVESTMENT AND CONSULTANTS PRIVATE LIMITED,Strike Off,3000000,2917000,Private
U63030PN2019PTC187487,SHAMROCK TRANSLINK PRIVATE LIMITED,Active,1000000.00,100000.00,Private
U74900DL2014PTC268108,ABSOLUTE VENTURE PRIVATE LIMITED,Strike Off,100000,100000,Private
U74999MH2010PTC203720,UNISYS SOLUTECH PRIVATE LIMITED,Strike Off,100000.00,100000.00,Private
U24100MH2021OPC358713,MAHI INDUSTRIES (OPC) PRIVATE LIMITED,Active,100000.00,10000.00,One Person Company
U15499PN2001PTC016456,PRAMATH ENTERPRISES PRIVATE LIMITED,Strike Off,1000000.00,950200.00,Private
U24239MH1970PTC014873,JAYESH PHARMA PRIVATE LIMITED,Strike Off,500000.00,300000.00,Private
U70101GJ2011PTC066022,AASHRITAA INFRASTRUCTURE PRIVATE LIMITED,Active,20000000.00,19712500.00,Private
U88100PN2024NPL236206,SHIVAJIRAO (NANA) GHULE FOUNDATION,Active,100000.00,100000.00,Private
U65921DL2010PTC203293,AMBLE HOLDINGS PRIVATE LIMITED,Strike Off,20000000,100000,Private
U74999DL2012PTC234071,AGRIMA SMART CARD SERVICES PRIVATE LIMITED,Under process of striking off,100000,100000,Private
U63090MH1985PTC037173,CONTFREIGHT SHIPPING AGENCY (INDIA) PVT LTD,Amalgamated,60001000.00,47280400.00,Private
U85100MH1987PTC045452,LIFE-LINE HOSPITAL DIAGNOSTICS PVT LTD,Active,300000.00,201500.00,Private
U47912GJ2025PTC157794,GJFOUR SAFFRON PRIVATE LIMITED,Active,100000.00,10000.00,Private
U27100GJ2010PTC059056,MARUTI MECH-TECH PRIVATE LIMITED,Active,1000000.00,100000.00,Private
U51100KA2020PTC136973,LLT FASHIONS PRIVATE LIMITED,Active,500000.00,100000.00,Private
U40100MH2023PTC397489,S.S.S BRIQUETTE PRIVATE LIMITED,Active,100000.00,100000.00,Private
U15432PN2021PTC205633,TERNA SUGARS PRIVATE LIMITED,Active,100000000.00,100000000.00,Private
U70200MH2023PTC402145,OPULENT MILLIONS PRIVATE LIMITED,Active,500000.00,100000.00,Private
U74990MH2016PTC280081,INDIAN EXHIBITIONS AND EVENTS PRIVATE LIMITED,Active,100000.00,100000.00,Private
U17290DL2011PTC215112,PASHUPATI NON-WOVEN PRIVATE LIMITED,Active,5000000,300000,Private
U74999KA2016PTC097563,NOWILES TECHNOLOGIES PRIVATE LIMITED,Active,1000000.00,100000.00,Private
U47711DL2024PTC428474,SAHIL MEGAKART CLOTHING PRIVATE LIMITED,Active,500000,200000,Private
U65929MH2022PLN380980,MFDC URBAN NIDHI LIMITED,Active,1500000.00,1000000.00,Public
U92200KA2014FTC081069,ROCKYOU INDIA PRIVATE LIMITED,Strike Off,100000.00,100000.00,Private
U51909MH2019PTC325597,FOODGENICS IMPEX PRIVATE LIMITED,Active,100000.00,100000.00,Private
U74999TN2006PTC058926,PLUTO RETAIL FIXTURES TROLLEYS PRIVATE LIMITED,Strike Off,500000.00,100000.00,Private
U85499PN2023PTC226133,MILLION JUGNUS PRIVATE LIMITED,Active,20000000.00,5000000.00,Private
U85310GJ2018PTC102455,ROENTGEN DIAGNOSTICS PRIVATE LIMITED,Active,100000.00,100000.00,Private
U37100GJ2017PTC096910,SMTI FORGE & FITTING PRIVATE LIMITED,Active,100000.00,100000.00,Private
L31300GJ2007PLC052394,ULTRACAB (INDIA) LIMITED,Active,300000000.00,245915908.00,Public
U51909MH2012PTC238404,PROFOUND IMPEX PRIVATE LIMITED,Active,100000.00,100000.00,Private
U51101GJ2012PTC070211,ANTECH IMPEX PRIVATE LIMITED,Active,100000.00,100000.00,Private
U52609MH2017PTC298777,GORI VENTURES PRIVATE LIMITED,Strike Off,100000.00,100000.00,Private
U70109KA2019PTC122385,HABULUS HOMES PRIVATE LIMITED,Active,100000.00,100000.00,Private
U37200PN2021PTC207101,SAI PREM ENTERPRISES PRIVATE LIMITED,Active,100000.00,100000.00,Private
U18109GJ2021PLC123489,GANDHI UNIFORM LIMITED,Active,100000.00,100000.00,Public
U19201MH2006PTC162462,ENSO OILS AND LUBRICANTS PRIVATE LIMITED,Active,100000000.00,30100000.00,Private
U80900DL2017PTC323636,SKYWALKERS TECHEDUCATION PRIVATE LIMITED,Active,100000,100000,Private
U29190TN2020PTC135110,ENGEX POWER PRIVATE LIMITED,Active,100000.00,100000.00,Private
U72900TN2018PTC120998,SIVIWALLET CONSULTANCY SERVICES PRIVATE LIMITED,Active,600000.00,600000.00,Private
U63020DL2014PTC264092,FRIENDS VOYAGE PRIVATE LIMITED,Strike Off,100000,100000,Private
U28930TZ2009PTC015291,IMET TOOLING INDIA PRIVATE LIMITED,Active,3000000.00,2800000.00,Private
U65990MH2021PLN370801,CHATRAPATI SHAHU MAHARAJ NIDHI LIMITED,Active,500000.00,500000.00,Public
U35101DL2023PTC417077,KUNDAN HYDRO (MADKINI) PRIVATE LIMITED,Active,100000,100000,Private
U72900PN2019PTC188210,ZIME SOLUTIONS PRIVATE LIMITED,Active,1500000.00,100000.00,Private
U70101DL1996PTC079469,V M ESTATE PRIVATE LIMITED,Active,1000000,882000,Private
U74900DL2009PTC194474,REDEYE SECURITY SERVICES PRIVATE LIMITED,Strike Off,100000,100000,Private
U70200GJ2024PTC148736,GROWTH EXPO PRIVATE LIMITED,Active,100000.00,100000.00,Private
U27205KA1991PTC011992,HAMSA ARTS PRIVATE LIMITED,Strike Off,2000000.00,1000000.00,Private
U05004MH1973PTC016993,CHICKITA FARMS PVT LTD,Active,100000.00,0.00,Private
U74999GJ1995PTC027215,SHUKAN STOCK HOLDING AND SECURITIES PVT LTD,Strike Off,500000.00,200.00,Private
U42201DL2024PTC438790,ONGC NTPC GREEN PRIVATE LIMITED,Active,1E+11,63051000000,Private
U52292MH2024PTC416876,ASHINITI INTERNATIONAL PRIVATE LIMITED,Active,100000.00,100000.00,Private
U74140DL2004PTC130133,MYRIAD RESOURCES PRIVATE LIMITED,Converted to LLP,5000000,3500000,Private
U40106TZ2021PTC037054,SOLARCO TECH PRIVATE LIMITED,Active,1500000.00,100000.00,Private
U01110MH1991PTC061518,RITZ FARM PRIVATE LIMITED,Active,1000000.00,11789550.00,Private
U80302MH1992ULL064897,DATAPRO TECHNOLOGY SERVICES,Strike Off,500000.00,500000.00,Public
U74999KA2017PTC106768,NAARIAL INFOSYSTEMS PRIVATE LIMITED,Strike Off,100000.00,100000.00,Private
U51909DL2017PTC319640,ARIUM INTERNATIONAL PRIVATE LIMITED,Strike Off,100000,100000,Private
U74900DL2013PTC248280,NEW ERA TIMES PRIVATE LIMITED,Active,100000,100000,Private
U70109DL2006PTC154035,UPPAL PROJECTS PRIVATE LIMITED,Amalgamated,175000000,100000,Private
U17291MH2013PTC242321,KANIKA COTTONS PRIVATE LIMITED,Active,100000.00,100000.00,Private
U93090MH2010PTC210921,ACTIVE SECURE MANAGEMENT SERVICES PRIVATE LIMITED,Strike Off,1500000.00,1500000.00,Private
U01122PN2012PTC145593,OM AGRO FARMS AND RESEARCH PRIVATE LIMITED,Strike Off,100000.00,100000.00,Private
U74997MH2012PTC231999,SECURE PAYHUB PRIVATE LIMITED,Strike Off,100000.00,100000.00,Private
U74999DL2014PTC268219,BEGIN TO EAT ORGANIC PRIVATE LIMITED,Strike Off,100000,100000,Private
U85300MH2021NPL366548,DELLAREX FOUNDATION,Active,0.00,0.00,Private
U72900DL2000PTC103819,SATSHEEL COMPUTERS PRIVATE LIMITED,Active,100000,100000,Private
U55200MH1993PTC075186,HOTEL SANGEETCHANDRA (INDIA) P.LTD.,Strike Off,1000000.00,0.00,Private
U79110KA2023PTC174020,TRUERYDER CAR RENTAL PRIVATE LIMITED,Active,500000.00,500000.00,Private
U74999TN2016PTC110989,SMART ALPHABET PRIVATE LIMITED,Strike Off,100000.00,100000.00,Private
U14106TN2006PTC059377,SHRI VAARI METAL STONE CRUSHERS PRIVATE LIMITED,Strike Off,100000.00,100000.00,Private
U51100MH2003PTC139642,KHATU NARESH AGENCIES PRIVATE LIMITED,Active,1000000.00,990000.00,Private
U24200DL1998PTC094982,INDO-LUB LUBRICANTS PRIVATE LIMITED,Strike Off,5000000,5000,Private
U65992DL1988PTC033611,MAUJPUR CHITS PRIVATE LIMITED,Strike Off,100000,2000,Private
U45200MH1983PTC031462,NEMINATH BUILDERS PVT LTD,Strike Off,100000.00,0.00,Private
U18100TZ2019PTC033056,MAHIZH CREATIONS PRIVATE LIMITED,Strike Off,100000.00,100000.00,Private
U72900KA2019PTC126355,SQUENDO INDIA PRIVATE LIMITED,Active,1000000.00,1000000.00,Private
U70109KA2016PTC093516,APG INDUSTRIAL VENTURE PRIVATE LIMITED,Active,16000000.00,15103550.00,Private
U58201PN2024PTC233807,SWAGEEK TECHNOLOGY SOLUTIONS PRIVATE LIMITED,Active,100000.00,50000.00,Private
U70109DL2012PTC237170,FESTIVITY INFRASTRUCTURE PRIVATE LIMITED,Active,100000,100000,Private
U55100GJ1994PTC022788,KAM DELICACY PRIVATE LIMITED,Converted to LLP,7500000.00,7500000.00,Private
U74999PN2017PTC170184,MILLENIUMINDIA AUTO PRIVATE LIMITED,Active,1000000.00,500000.00,Private
U99999MH1961PLC012149,TRANS TRADE SYNDICATE PRIVATE LIMITED,Dissolved (Liquidated),0.00,0.00,Private
U22300PN2021PTC202602,CIO TIMES MEDIA AND TECHNOLOGY PRIVATE LIMITED,Active,100000.00,10000.00,Private
U67120MH1981PTC024061,BALABHEEM INVESTMENT AND TRADING CO PVT LTD,Amalgamated,12500000.00,120000.00,Private
U74210DL2011PTC217840,ESCOM CONSULTANTS PRIVATE LIMITED,Active,1000000,100000,Private
U70109TZ2019PTC032006,DOMINANT TOWERS AND TRADERS PRIVATE LIMITED,Active,1000000.00,100000.00,Private
U74999GJ2017PTC098628,LEUVA CONSULTANCY SERVICES PRIVATE LIMITED,Active,100000.00,100000.00,Private
U74999DL2017OPC320908,RAVISHING CREATIONS (OPC) PRIVATE LIMITED,Active,100000,100000,One Person Company
U45201DL2019PTC344833,SAMGOR GRID CONSTRUCTION PRIVATE LIMITED,Active,1000000,500000,Private
U24230GJ2016PLC092826,EDKEM PHARMACEUTICALS LIMITED,Active,65000000.00,64700000.00,Public
U45201KA2022PTC159211,RAASTA PROJECTS PRIVATE LIMITED,Active,1000000.00,100000.00,Private
U72900TN2015PTC100667,PULSEMAKER COMMUNICATIONS PRIVATE LIMITED,Dormant under section 455,100000.00,100000.00,Private
U17120GJ2012PTC069448,SEVEN STAR DREAM WORLD PRIVATE LIMITED,Active,1000000.00,100000.00,Private
U72900GJ2012PTC070407,ESUBLIME INFOSYSTEMS PRIVATE LIMITED,Strike Off,100000.00,100000.00,Private
U20210GJ2024PLC150799,MITASHI CHEMICALS INDIA LIMITED,Active,1500000.00,1500000.00,Public
U50100TZ2019PTC032864,7 HILLS MOTORS AND TRADINGS PRIVATE LIMITED,Active,1000000.00,200000.00,Private
U45200TN2007PTC064967,LITTLEFLOWER REALTORS PRIVATE LIMITED,Active,100000.00,100000.00,Private
U21093MH2022PTC387812,SAIRAKESH INDIA PRIVATE LIMITED,Active,100000.00,50000.00,Private
U67100MH2016PTC280911,COMPACT CAPITAL ADVISORS PRIVATE LIMITED,Active,100000.00,100000.00,Private
U34100DL2015PTC283054,OCTOGENCE TECHNOLOGIES PRIVATE LIMITED,Active,10000000,10000000,Private
U74999DL2018PTC332040,FUTUREKIND INDIA PRIVATE LIMITED,Active,100000,100000,Private
U45206MH2016PTC274628,RADBOUND INFRASTRUCTURE PRIVATE LIMITED,Active,1000000.00,1000000.00,Private
U22300DL2021PTC378706,NEWS FOUNDRY MEDIA PRIVATE LIMITED,Active,500000,100000,Private
U45201DL2005PTC143298,NINE PLANNET PROPERTIES PRIVATE LIMITED,Active,100000,100000,Private
U36912KA2002PTC030945,BANGALORE DIAMOND WORKS PRIVATE LIMITED,Strike Off,100000.00,100000.00,Private
U74140KA2008PTC047844,CLUB CONCIERGE SERVICES (INDIA) PRIVATE LIMITED,Active,1000000.00,100000.00,Private
U74120MH2015PTC263288,GYANESHWAR VENTURES PRIVATE LIMITED,Active,5000000.00,100000.00,Private
U51909MH2004PTC145961,AMBICO EXPORTS AND IMPORTS PRIVATE LIMITED,Active,50000000.00,42497080.00,Private
U51909MH2017PTC297846,EXBORDER ONLINE TRADING PRIVATE LIMITED,Active,100000.00,100000.00,Private
U74993MH2018PTC308459,POORAVAAS INDUSTRIES PRIVATE LIMITED,Active,100000.00,100000.00,Private
U74990MH2010PTC204610,AVIO INDIA PRIVATE LIMITED,Strike Off,500000.00,500000.00,Private
U93090KA2017OPC108884,ETHICAL DETECTIVES (OPC) PRIVATE LIMITED,Dormant under section 455,100000.00,100000.00,One Person Company
U93000PN2022NPL215515,SANSKRIT SEVA FOUNDATION,Active,0.00,0.00,Private
U65990MH1990PTC055488,PLASTOFIN TRADING PRIVATE LIMITED,Strike Off,500000.00,0.00,Private
U65990MH1973PTC016268,SUJATA CHIT FUND PRIVATE LIMITED,Strike Off,100000.00,0.00,Private
U96090TN2025OPC177876,UNHEARD WHISPY (OPC) PRIVATE LIMITED,Active,1000000.00,300000.00,One Person Company
U45200TN2007PTC063971,SUBANIS CONSTRUCTIONS PRIVATE LIMITED,Active,1500000.00,1500000.00,Private
U74300TZ2002PTC010304,SRISRI PROMO ADVERTISING SERVICES BANGALORE PRIVATE LIMITED,Strike Off,100000.00,100000.00,Private
U93000DL2014PTC266353,SUNAND HOSPITAL AND IVF CENTRE PRIVATE LIMITED,Active,100000,100000,Private
U74899DL1995PLC063986,TRANSNATIONAL SECURITIES AND FINLEASE LIMITED,Active,80000000,75970790,Public
U63030DL2021PTC381745,AIRFLYTS PRIVATE LIMITED,Active,100000,100000,Private
U52599KA2021PTC143881,MRPKART INDIA PRIVATE LIMITED,Strike Off,1000000.00,200000.00,Private
U72900MH2022PTC389056,YOUNGLINE ENTERPRISE PRIVATE LIMITED,Strike Off,1000000.00,100000.00,Private
U67190KA2008PTC044893,SHUSHRUTI FINANCIAL SERVICES PRIVATE LIMITED,Strike Off,100000.00,0.00,Private
U01110MH1994PTC080822,SOHIL AGRO-PRODUCTS PRIVATE LIMITED,Strike Off,500000.00,202000.00,Private
U46300MH2019PTC331598,CROPPIE AGRO PRIVATE LIMITED,Active,100000.00,49000.00,Private
U74899DL1994PTC063710,SMG CORPORATE SERVICES & INVESTMENTS PRIVATE LIMITED,Active,1000000,975000,Private
U72200KA2022PTC167971,INVIZ LABS PRIVATE LIMITED,Active,1500000.00,405000.00,Private
U60231GJ1991PTC016334,SHIVA TRANSPORT COMPANY PRIVATE LIMITED,Strike Off,100000.00,3000.00,Private
U01611KA2024PTC183969,AKKAMAHADEVI MAHILA KISAN PRODUCER COMPANY LIMITED,Active,1500000.00,1500000.00,Private
U74999TN2017PTC115734,KUTTIMAA HOME CARE PRODUCTS PRIVATE LIMITED,Strike Off,100000.00,100000.00,Private
U45201DL2003PLC120934,SOBTIS BUILDWELL LIMITED,Active,100000000,32180000,Public
U52609TN2019PTC129501,VMJ IMPEX PRIVATE LIMITED,Active,200000.00,100000.00,Private
U51909DL2002PTC338388,SHARK SUPPLIERS PRIVATE LIMITED,Active,9800000,9749000,Private
U74999TN2016PTC112725,MMM LIFESTYLE INDIA PRIVATE LIMITED,Active,500000.00,450000.00,Private
U72900DL2021PTC387469,B AND J DIGITAL INDIA PRIVATE LIMITED,Active,100000,100000,Private
U74899DL1985PTC019833,PUSHPA DEVI AGRO COMPANY PRIVATE LTD,Active,1500000,1139500,Private
U70200MH2024OPC427234,ROMD SERVICES (OPC) PRIVATE LIMITED,Active,500000.00,100000.00,One Person Company
U66309MH2022PTC396362,INTELLECT FINVENTURES PRIVATE LIMITED,Active,100000.00,100000.00,Private
U45201TN1986PTC013809,JAYALAKSHMI PLANNERS PRIVATE LIMITED,Strike Off,100000.00,790.00,Private
U85300GJ2021NPL122725,HUNGER BRIDGE FOUNDATION,Active,100000.00,100000.00,Private
U93000KA2013PTC069195,RED FRUIT ENTERTAINMENT PRIVATE LIMITED,Strike Off,100000.00,100000.00,Private
U52390MH2012PTC235771,ISAIRIS TRADING PRIVATE LIMITED,Strike Off,100000.00,100000.00,Private
U51909GJ2021PTC123445,AL INSU IMPEX PRIVATE LIMITED,Active,100000.00,100000.00,Private
U74900DL1998PTC094512,ALCOTT MARKETING INDIA PRIVATE LIMITED,Strike Off,500000,200,Private
U01100MH2019PTC322717,BB AGRO PRODUCER COMPANY LIMITED,Active,500000.00,100000.00,Private
U72500KA2018PTC112255,POWER BRIDGE SYSTEMS PRIVATE LIMITED,Active,1000000.00,1000000.00,Private
U80900DL2017PTC317516,SSV STUDY-BY-TECH PRIVATE LIMITED,Active,100000,100000,Private
U52100MH2013PTC250583,MALWA CERAMICS PRIVATE LIMITED,Active,100000.00,100000.00,Private
U45201MH1994PTC080641,NALLASETH CONSTRUCTION COMPANY PRIVATE LIMITED,Strike Off,2000000.00,550000.00,Private
U45201GJ1994PLC022392,WHITEHALL ENTERRPRISES LTD,Strike Off,2500000.00,0.00,Public
U73100PN2011PTC140832,AGAMYA BIOTECH PRIVATE LIMITED,Strike Off,500000.00,100000.00,Private
U80100GJ2022PTC128758,SPEAKGENIUS PRIVATE LIMITED,Strike Off,100000.00,100000.00,Private
U92490KA2018PTC116441,KADALA MUTTU WATER SPORTS PRIVATE LIMITED,Active,1000000.00,500000.00,Private
U69201TZ2024PTC030569,MAKE HAY INTERNATIONAL SERVICES PRIVATE LIMITED,Active,1500000.00,200000.00,Private
U70200DL1995PTC072809,LLYOD PROMOTORS PRIVATE LIMITED,Strike Off,500000,15000,Private
U51900DL2013PTC262485,AXTECH INNOBIZ PRIVATE LIMITED,Strike Off,100000,100000,Private
U99999MH1955PLC009649,GENERAL MACHINARY COMPANY LIMITED,Under Liquidation,0.00,0.00,Public
U24290MH2022PTC388783,OSWAM PHARMACEUTICAL PRIVATE LIMITED,Active,100000.00,100000.00,Private
U24233MH2012PTC229077,BIG LABS PRIVATE LIMITED,Active,100000.00,100000.00,Private
U74899DL1994PLC061176,HBR SECURITIES LIMITED,Active,10000000,4615500,Public
U62099DL2023PTC416913,SAAOL INFOTECH PRIVATE LIMITED,Active,1000000,100000,Private
U74999PN2017PTC173265,BDG LIFESTYLE INDIA PRIVATE LIMITED,Strike Off,100000.00,100000.00,Private
U62099DL2000PLC120604,JIL INFORMATION TECHNOLOGY LIMITED,Active,3000000000,1835259250,Public
U85500DL2024NPL425189,PJS FOUNDATION,Active,0,0,Private
U70200KA2019PTC120526,TRANDOM DESIGNS AND CONSTRUCTIONS PRIVATE LIMITED,Active,1000000.00,100000.00,Private
U28995MH2019PTC331706,GLAMOUR CANNING PRIVATE LIMITED,Active,100000.00,100000.00,Private
U24110KA2020PTC140934,ORGANICMINE PRIVATE LIMITED,Active,100000.00,10000.00,Private
U85110TZ2001PTC009959,JANSONS MRI DIAGNOSTIC PRIVATE LIMITED,Active,30000000.00,19600000.00,Private
U65991TN1995PTC031547,SRI ELUMALAYAN CHITS PRIVATE LIMITED,Strike Off,1000000.00,0.00,Private
U80900TN2021PTC142364,DOCTO TECHNOLOGIES PRIVATE LIMITED,Active,1000000.00,100000.00,Private
U45201MH2006PTC164489,NEELKANTH VINAYAK REALTORS PRIVATE LIMITED,Amalgamated,500000.00,240000.00,Private
U45205KA2013PTC067589,CONSOCRETE BUILDING SOLUTION (INDIA) PRI VATE LIMITED,Strike Off,100000.00,100000.00,Private
U36101MH2013PTC244454,ZORENT HEALTH CARE PRIVATE LIMITED,Active,100000.00,100000.00,Private
U65993GJ1981PTC004390,LA-GAJJAR INVESTMENT PVT LTD,Strike Off,500000.00,45000.00,Private
U18109MH2021PTC373527,SIDGHA PRIVATE LIMITED,Active,500000.00,100000.00,Private
U99999MH1994PTC083972,RISHI AUTOMATION PRIVATE LIMITED,Active,5000000.00,5000000.00,Private
U55100GJ2015PTC085206,OSTELLO HOTELS AND RESORTS PRIVATE LIMITED,Active,100000.00,100000.00,Private
U21020MH1997PTC112389,SANKALP PACKAGING PRIVATE LIMITED,Active,5000000.00,1000000.00,Private
U40106DL2015PTC329884,AVENGERS SOLAR PRIVATE LIMITED,Active,50000000,31629360,Private
U24246TN1976PTC007084,J B SILICATES INDUSTRY PRIVATE LIMITED,Strike Off,100000.00,2000.00,Private
U18209DL2022OPC407739,KAKKAR SKYLINE TRADE (OPC) PRIVATE LIMITED,Active,10000,10000,One Person Company
U29290MH1958PTC011074,AMBICA SEWING MACHINE COMPANY PRIVATE LIMITED,Active,100000.00,100000.00,Private
U72900TZ2020PTC035121,BELIEVER TECHNOLOGIES PRIVATE LIMITED,Strike Off,100000.00,100000.00,Private
U62099MH2025OPC439561,SYSFOTION TECHNOLOGIES (OPC) PRIVATE LIMITED,Active,100000.00,10000.00,One Person Company
U74140GJ2012PTC068837,AMHANSH TECHNOLOGIES PRIVATE LIMITED,Strike Off,100000.00,100000.00,Private
U66190MH2025PTC445523,RV FINPRO SERVICES PRIVATE LIMITED,Active,100000.00,100000.00,Private
U67190MH2003PTC139928,RIZNAD FINANCE CONSULTANTS PRIVATE LIMITED,Strike Off,100000.00,100000.00,Private
U45200PN2013PTC148188,GIYA HOMES PRIVATE LIMITED,Strike Off,100000.00,100000.00,Private
U80904KA2022PTC160459,KRIDEV GLOBAL PRIVATE LIMITED,Active,1000000.00,20000.00,Private
U65992DL1981PTC011839,VARUN CHIT FUND AND TRADING COMPANY PRIVATE LIMITED,Strike Off,100000,2000,Private
U74900DL1999PTC099613,CARTOLABS (INDIA) PRIVATE LIMITED,Strike Off,500000,102000,Private
U63040DL2012FTC230179,BEX TRAVEL INDIA PRIVATE LIMITED,Active,2500000,2000000,Private
U78300MH2024PTC434770,WESTZONE MARINE SOLUTIONS PRIVATE LIMITED,Active,100000.00,60000.00,Private
U15490PN2021PTC204094,WAKADI SUGARCANE PRODUCTS PRIVATE LIMITED,Active,500000.00,100000.00,Private
U45309KA2018PTC110026,VEERESHWARA CONSTRUCTIONS PRIVATE LIMITED,Active,1000000.00,1000000.00,Private
U26103MH1968PTC014026,SHRI AMBIKA GLASS WORKS PRIVATE LIMITED,Dissolved (Liquidated),0.00,0.00,Private
U35105DL2024PTC436596,TPEX SOLUTIONS PRIVATE LIMITED,Active,100000,100000,Private
U67120GJ1995PTC027766,MANJIRA FINVEST PRIVATE LIMITED,Strike Off,100000.00,0.00,Private
U45400MH2014PTC252724,VIBRANT INFRA AND HOMES PRIVATE LIMITED,Strike Off,100000.00,100000.00,Private
U24239DL2003PTC121995,SANBURY PHARMACEUTICALS PRIVATE LIMITED,Strike Off,100000,100000,Private
U85100KA2020PTC132856,AABS HEALTHCARE PRIVATE LIMITED,Active,20000000.00,20000000.00,Private
U73100DL2022PTC406244,GWAVE INNOVATION PRIVATE LIMITED,Active,1000000,100000,Private
U99999DL1997PTC084348,GLOBAL SCHOOLS PRIVATE LIMITED,Strike Off,10000000,0,Private
U31909TN2020PTC133701,MASELLI INDIA PRIVATE LIMITED,Strike Off,1000000.00,800000.00,Private
U24231GJ1993PTC019867,ROCK FORD CHEMICALS (INDIA)PVT LTD,Strike Off,1500000.00,101000.00,Private
U51909DL2005PTC139021,VP EXIM GLOBAL PRIVATE LIMITED,Active,10000000,5000000,Private
U29100KA2021PTC151984,ENTROPIDYN SYSTEMS PRIVATE LIMITED,Active,1000000.00,100000.00,Private
U99999MH1995PTC092524,PRADHAN PROPERTIES PRIVATE LIMITED,Amalgamated,1000000.00,102030.00,Private
U65921TZ1989PLC002508,SUA DEVELOPERS LIMITED,Active,5000000.00,1875000.00,Public
U85500MH2024NPL424442,RUPNANDA FOUNDATION,Active,10000.00,10000.00,Private
U65990MH1990PTC055108,MRINAL FINANCE PRIVATE LIMITED,Strike Off,500000.00,500000.00,Private
U51900MH1988PTC046450,ARKEY FEED TRADING COMPANY PRIVATE LIMITED,Active,2000000.00,1000000.00,Private
U45201TZ2005PTC011606,KANDHAPPAN REALTY PRIVATE LIMITED,Strike Off,100000.00,100000.00,Private
U74899DL1994PTC059794,SARNA EXPORTS PRIVATE LIMITED,Active,25000000,25000000,Private
U74120MH2014PTC254837,ZEDARON PHARMACEUTICALS PRIVATE LIMITED,Strike Off,100000.00,100000.00,Private
U74999MH2016PTC283535,ARBS BRICKS INFRATECH PRIVATE LIMITED,Active,100000.00,100000.00,Private
U45500GJ2016PTC094290,INDIRA BUILDCON PRIVATE LIMITED,Active,100000.00,100000.00,Private
U65991TN1966PTC005470,SOUTHERN FINANCE AND TRADES PRIVATE LIMITED,Strike Off,100000.00,10000.00,Private
U68100PN2023PTC223949,BLOOMWINS REALITY INFRA PRIVATE LIMITED,Active,500000.00,75000.00,Private
U65929PN2022PTC208865,DHONE CHIT FUND PRIVATE LIMITED,Active,500000.00,100000.00,Private
U24232DL2004PTC129392,ZENTA HEALTHCARE PRIVATE LIMITED,Active,100000,100000,Private
U80301MH2018PTC313567,MALU'S COMMERCE ACADEMY PRIVATE LIMITED,Active,1000000.00,300000.00,Private
U70200DL2010PTC199161,SWEET DREAMS BUILDCON PRIVATE LIMITED,Active,100000,100000,Private
U62090KA2024PTC193227,CIPHERKNOX CYBERSECURITY PRIVATE LIMITED,Active,1000000.00,10000.00,Private
U18100MH1990PTC057601,HEMANT GARMENTS IMPEX PRIVATE LIMITED,Strike Off,100000.00,100000.00,Private
U17121TN2011PTC078758,AL RAZINAH EXPORTS PRIVATE LIMITED,Active,2500000.00,2500000.00,Private
U28299PN2024PTC234560,AVK GREEN SOLUTIONS PRIVATE LIMITED,Active,1500000.00,100000.00,Private
U51507DL2004PTC126706,LIPAK METROLOGY PRIVATE LIMITED.,Strike Off,100000,100000,Private
U70101DL2006PTC148871,AMBIKA INFRABUILD PVT. LTD.,Active,1000000,470000,Private
U70200GJ2024PTC154529,CASAKEEPER MANAGEMENT PRIVATE LIMITED,Active,100000.00,100000.00,Private
U55209TN2011PTC081028,AZZURI HOTELS PRIVATE LIMITED,Strike Off,100000.00,100000.00,Private
U52100TN2010PTC078635,FUTURE ERA RETAIL PRIVATE LIMITED,Strike Off,100000.00,100000.00,Private
U17299MH2021PTC358123,KHEMCHAND SONS PRIVATE LIMITED,Active,1000000.00,1000000.00,Private
U59111MH2023PLC409806,BUZZCONNECT DIGITAL STREAM LIMITED,Active,1000000.00,1000000.00,Public
U93000DL2013PTC258839,KIMIYA CONSULTING PRIVATE LIMITED,Active,100000,100000,Private
U74210MH2002PTC137493,FLUOUS SOLUTIONS PRIVATE LIMITED,Active,1000000.00,100000.00,Private
U90009KA2024PTC196091,SOULJAMS ENTERTAINMENT PRIVATE LIMITED,Active,100000.00,100000.00,Private
U36998MH1992PTC069611,ANCHROM ENTERPRISES (I) PRIVATE LIMITED,Active,12500000.00,11000000.00,Private
U28999MH2021PTC360102,LIT METALLIKS PRIVATE LIMITED,Active,500000.00,50000.00,Private
U29301DL2023PTC419170,HL ANAND AUTOMOTIVE PARTS PRIVATE LIMITED,Active,120000000,120000000,Private
U01409KA2022PTC161765,RIVER VALLEY APIARIES INDIA PRIVATE LIMITED,Active,100000.00,10000.00,Private
U66309DL2025PTC443649,RUDANYA VENTURES PRIVATE LIMITED,Active,500000,500000,Private
U40101KA2002PTC030515,SOUTH-WEST HYDRO POWER PRIVATE LIMITED,Active,110000000.00,110000000.00,Private
U20299TN2023PTC164103,IDEALIS CHEMICALS PRIVATE LIMITED,Active,30000000.00,30000000.00,Private
U74999DL2016PTC301511,OMNITRIX INFOTECH PRIVATE LIMITED,Strike Off,100000,100000,Private
U50101GJ1996PTC030859,ASYOUR EXPORTS PRIVATE LIMITED,Strike Off,100000.00,4000.00,Private
U74999TN2016PTC113917,MUHURTHAAM EVENT MANAGEMENT PRIVATE LIMITED,Active,1000000.00,1000000.00,Private
U74999TN2018PTC121917,DARVANTI BIOTEC PRIVATE LIMITED,Active,500000.00,500000.00,Private
U34203PN2002PLC017013,UNITY INFRASTRUCTURES LIMITED,Active,100000000.00,51135500.00,Public
U74120MH2011PTC220386,BLUEMECH IMPEX PRIVATE LIMITED,Active,500000.00,500000.00,Private
U64990MH2023PLN400564,NIDHISHWARAM URBAN NIDHI LIMITED,Active,1000000.00,1000000.00,Public
U15122GJ2013PTC076773,ADVANCE DEHYDRATE PRIVATE LIMITED,Active,15000000.00,15000000.00,Private
U74140DL2008PTC182865,ADCEPT WEALTH CARE PRIVATE LIMITED,Strike Off,100000,100000,Private
U62013MH2023PTC404898,NIKAM SOLUTIONS PRIVATE LIMITED,Active,100000.00,99114.75,Private
U93000MH2007PTC175111,TECHNERGY ENGINEERING (INDIA) PRIVATE LIMITED,Active,7500000.00,6500000.00,Private
U74999KA1983PTC005542,FABRIMEC PRIVATE LIMITED,Active,500000.00,500000.00,Private
U55101MH2022PTC387777,DONATOS PIZZA PRIVATE LIMITED,Active,100000.00,100000.00,Private
U74899DL1984PTC018992,SUNFLAME ENTERPRISES PRIVATE LIMITED,Active,10000000,1565000,Private
U18109PN2022PTC214754,ANUAARYA APPARELS PRIVATE LIMITED,Active,1500000.00,100000.00,Private
U51909TN2018PTC126039,RAIZEN INTERNATIONAL PRIVATE LIMITED,Active,100000.00,100000.00,Private
U66120MH2024PTC425907,KNRP MARK LIONS PRIVATE LIMITED,Active,1000000.00,100000.00,Private
U74899DL1995PTC064576,BHAN BHORI SECURITIES PRIVATE LIMITED,Strike Off,3000000,2600200,Private
U93090TN1924PLC002125,PUDUKOTTAH ELECTRIC SUPPLY CORPORATION LIMITED,Dissolved (Liquidated),300000.00,0.00,Public
U74120MH2013PTC245598,KEYSTONE LIFESPACES CAPITAL HOLDING PRIVATE LIMITED,Active,20000000.00,100000.00,Private
U74999DL1999PTC100274,MAHESH SUNNY ENTERPRISES PRIVATE LIMITED,Active,6000000,3745500,Private
U18109DL2020PTC359987,QUALIS APPARELS PRIVATE LIMITED,Active,1500000,200000,Private
U73100DL2002PTC117840,SECOND OPINION INDIA PRIVATE LIMITED,Active,9000000,8452270,Private
U66309MH2025PTC440108,BIRCH TREE VENTURES PRIVATE LIMITED,Active,10000000.00,2000000.00,Private
U74950TN1985PTC012198,PRESTIGE PACKAGINGS PRIVATE LIMITED,Active,400000.00,10000.00,Private
U50400MH2019PTC326068,AUTOGUILD CARS PRIVATE LIMITED,Active,40000000.00,30000000.00,Private
U74999TN2018PTC121829,VERDO INTERNATIONAL TRADING PRIVATE LIMITED,Active,100000.00,100000.00,Private
U93030GJ2015PTC084012,SHREE RAJ ONLINE MEDIA PRIVATE LIMITED,Active,100000.00,100000.00,Private
U74999DL2018PTC331056,SAMROZ INFRA PROPERTIES PRIVATE LIMITED,Active,500000,500000,Private
U99999MH1983PTC030536,AL-FATIMA COLD STORAGE PVT LTD,Strike Off,100000.00,0.00,Private
U46306DL2023PTC418210,TERUHISA INDUSTRIES PRIVATE LIMITED,Active,100000,100000,Private
U74999DL2016PTC298385,VANITY NO APOLOGIES PRIVATE LIMITED,Active,100000,100000,Private
U51900MH1995PTC089898,AAKASH OVERSEAS TRADING COMPANY PRIVATE LIMITED,Strike Off,100000.00,0.00,Private
U40300TN2013PTC092903,STANDARD RENEWABLE ENERGY PRIVATE LIMITED,Strike Off,1000000.00,100000.00,Private
U63030DL2021PTC390550,IMPERIAL EXPRESSWAY SOLUTIONS PRIVATE LIMITED,Active,100000,100000,Private
U72900KA2012PTC062034,BRAND MONITOR SOFTWARE & SERVICES PRIVATE LIMITED,Strike Off,100000.00,100000.00,Private
U99999MH1997PTC108184,PILLAI AND ASSOCIATES CONSTRUCTION PRIVATE LIMITED,Active,200000.00,200000.00,Private
U29299KA2022PTC156263,INGENIOUS AEROTECH PRIVATE LIMITED,Active,15000000.00,11261880.00,Private
U63090MH2001PTC132262,VERSATILE LOGISTIC (INDIA) PRIVATE LIMITED,Strike Off,500000.00,100000.00,Private
U72900KA2016PTC095261,LIGHTPRO TECHNOLOGIES PRIVATE LIMITED,Active,100000.00,100000.00,Private
U28910MH1981PTC025144,SWARAJ FORGE PVT LTD,Active,300000.00,400000.00,Private
U25200PN2022PTC214654,CAMPET BOTTLES PRIVATE LIMITED,Active,2000000.00,300000.00,Private
U15400PN2022OPC212477,PURPLE BREWERY (OPC) PRIVATE LIMITED,Active,100000.00,10000.00,One Person Company
U26100GJ2012PTC069137,BIG POWER GLASS INDIA PRIVATE LIMITED,Active,21000000.00,21000000.00,Private
U31101DL2000PTC103431,KRISHNA AUTO GENERATOR PRIVATE LIMITED.,Strike Off,200000,100000,Private
U63030DL2019PTC357634,GHANZEL TOUR AND TRAVEL PRIVATE LIMITED,Active,100000,100000,Private
U29100MH2021PTC363525,SAIKRISHNA HYDRAULICS PRIVATE LIMITED,Active,100000.00,100000.00,Private
U80904TN2016PTC111560,TEJAS TECHNICAL TRAINING INSTITUTE PRIVATE LIMITED,Active,500000.00,500000.00,Private
U67120MH1986PTC039139,GIFT HOLDING PVT LTD,Active,30000000.00,27000000.00,Private
U74999GJ2018PTC105376,GROOCODE BUSINESS SOLUTIONS PRIVATE LIMITED,Active,100000.00,100000.00,Private
U28299PN2024PTC235060,STREAMPROCESS ENGINEERING INDIA PRIVATE LIMITED,Active,500000.00,100000.00,Private
U74999MH2015PTC267231,HERALD BUILDCON & INFRA PRIVATE LIMITED,Active,100000.00,100000.00,Private
U45209MH2008PTC180449,BELAZIO CONSTRUCTION PRIVATE LIMITED,Active,100000.00,100000.00,Private
U74899DL1995PTC068525,OMCAM CONTROL SYSTEMS PRIVATE LIMITED,Strike Off,100000,100000,Private
U70100KA2015PTC084855,SMZ PROPERTY SOLUTIONS PRIVATE LIMITED,Active,200000.00,200000.00,Private
U45202TN2020OPC137007,RAAVAN ASSOCIATES (OPC) PRIVATE LIMITED,Strike Off,100000.00,100000.00,One Person Company
U51109KA2014PTC073711,RBAS GLOBAL TRADING PRIVATE LIMITED,Active,100000.00,100000.00,Private
U51900TN2015PTC098885,LUMINOUS INTERNATIONAL COMMODITIES PRIVATE LIMITED,Strike Off,1000000.00,100000.00,Private
U85500DL2025NPL440860,ASKHATUN COMMUNITY FOUNDATION,Active,1000000,100000,Private
U01611MH2023PTC408493,ANDHALGAON FARMER PRODUCER COMPANY LIMITED,Active,400000.00,27050.00,Private
U74910DL2009PTC187065,GI STAFFING SERVICES PRIVATE LIMITED,Active,295000000,295000000,Private
U74999DL2021PTC385901,JUST 4U CONSULTANCY PRIVATE LIMITED,Active,499000,100000,Private
U17110MH1996PTC098203,B.R.IMPEX PRIVATE LIMITED,Strike Off,500000.00,0.00,Private
U21099KA2021PTC152313,SAATHVIK ECO PRODUCTS PRIVATE LIMITED,Active,10000000.00,6758410.00,Private
U74999PN2015PTC157609,BRAND FORMULATION PRIVATE LIMITED,Strike Off,100000.00,100000.00,Private
U72200KA2011PTC058038,RAJYA TECHNOLOGIES PRIVATE LIMITED,Strike Off,100000.00,100000.00,Private
U79120MH2023PTC398116,WONDERFUL HOLIDAYS PRIVATE LIMITED,Active,100000.00,100000.00,Private
U85109MH2023PTC399032,TRUEMATE SOLUTIONS PRIVATE LIMITED,Active,100000.00,10000.00,Private
U80301GJ2008PTC055105,SMART TRAINING AND RESEARCH CENTRE PRIVATE LIMITED,Strike Off,100000.00,100000.00,Private
U01100GJ2022PTC131554,KODINAR TALUKA FARMER PRODUCER COMPANY LIMITED,Active,3000000.00,406000.00,Private
U52390DL2019PTC348154,PROVISO MART PRIVATE LIMITED,Active,500000,500000,Private
U74999DL2015PTC278942,TYCOONS SECURITY AND FACILITY PRIVATE LIMITED,Strike Off,100000,100000,Private
U46901KA2023PTC180659,HADBIX ENTERPRISES PRIVATE LIMITED,Active,100000.00,10000.00,Private
U74999KA2020PTC132050,QINGTECH VENTURE PRIVATE LIMITED,Active,100000.00,100000.00,Private
U52339DL2020PTC371788,INDOCOLOUR RETAILS PRIVATE LIMITED,Strike Off,100000,100000,Private
U52209MH2011PTC214312,ZEP MULTITRADE PRIVATE LIMITED,Strike Off,100000.00,100000.00,Private
U65990TN2021PTC144175,ASPERO MARKETS PRIVATE LIMITED,Active,4220000000.00,4220000000.00,Private
U31900MH2008PTC181726,ASHVED ENGINEERS PRIVATE LIMITED,Active,1000000.00,100000.00,Private
U93000DL2015PTC278804,MANTHAN MANAGEMENT SOLUTIONS PRIVATE LIMITED,Strike Off,100000,100000,Private
U52609DL2018PTC338674,FABREA MACHINE PRIVATE LIMITED,Active,1000000,1000000,Private
U55204TN2012PTC085402,RAJAN & HANNI SALEM RR RESTAURANT PRIVATE LIMITED,Strike Off,200000.00,200000.00,Private
U70100MH2013PTC241307,JAVAKI DESIGN PRIVATE LIMITED,Active,1300000.00,1151000.00,Private
U70101MH2003PTC140064,S G BHANGALE CONSTRUCTIONS PRIVATE LIMITED,Active,10000000.00,335000.00,Private
U74140DL2011PTC213041,JEPL CONSULTANTS PRIVATE LIMITED,Active,100000,100000,Private
U74999MH2014PTC258714,AAMBAJI TECH ENTERPRISE PRIVATE LIMITED,Active,1000000.00,750000.00,Private
U63000DL2009PTC189735,GO INDIA GUIDE PRIVATE LIMITED,Active,500000,100000,Private
U80211PN2005PTC020985,MIRACLES 2020 VISION EDUCATIONAL ACADEMY PRIVATE LIMITED,Strike Off,100000.00,100000.00,Private
U74999KA2018PTC111172,TECHNOLEAP PRIVATE LIMITED,Active,900000.00,100000.00,Private
U17111TN1989PTC016926,KARUR AMARAVATHI TEXTILES PRIVATE LIMITED,Active,5000000.00,2500000.00,Private
U74999PN2021OPC205314,OVISHA CONSULTANCY (OPC) PRIVATE LIMITED,Active,1500000.00,100000.00,One Person Company
U72300DL1991PTC046139,RAJ COMMUNICATIONS PRIVATE LIMITED,Strike Off,200000,200,Private
U88900PN2023NPL221651,RAVINDRAMOHAN CARE FOUNDATION,Active,1500000.00,10000.00,Private
U62099MH2024PTC435894,EVENTTOPIA VENTURES PRIVATE LIMITED,Active,500000.00,15000.00,Private
U01111MH2019PTC335146,DAMOTA FARMERS PRODUCER COMPANY LIMITED,Strike Off,1000000.00,100000.00,Private
U74140DL2012PTC246027,MCKALI INTERNATIONAL PRIVATE LIMITED,Strike Off,100000,100000,Private
U31909GJ2020PTC112043,INNOVURA TECHNOLOGIES PRIVATE LIMITED,Active,100000.00,100000.00,Private
U15209PN2005PTC021154,PRAKASH MILK COLLECTIONS AND DISTRIBUTOR S PRIVATE LIMITED,Strike Off,500000.00,100000.00,Private
U72900MH2021PTC371647,ALPHATAURUS IT SERVICES PRIVATE LIMITED,Active,500000.00,5000.00,Private
U43299TN2023PTC165861,DEVI VASANTHAM CONSTRUCTIONS PRIVATE LIMITED,Active,1500000.00,100000.00,Private
U85300DL2022PTC393807,YOLALITA HEALTHCARE SERVICES PRIVATE LIMITED,Active,1000000,100000,Private
U70101GJ2015PTC084357,NEELKET INFRASTRUCTURE PRIVATE LIMITED,Strike Off,100000.00,100000.00,Private
U85300DL2021NPL390407,CURRENT AND STRATEGIC AFFAIRS FORUM,Active,0,0,Private
U80900DL2022PTC398745,CODE ALGORITHMS PRIVATE LIMITED,Active,1000000,100000,Private
U74140DL1986PTC024740,OPAL ADVERTISING PRIVATE LIMITED,Strike Off,200000,15000,Private
U41001MH2007PTC170884,RATNARAJ LIFESPACE PRIVATE LIMITED,Active,500000.00,100000.00,Private
U19200MH2014PTC255231,DESIGNER LABLE PRIVATE LIMITED,Strike Off,1000000.00,1000000.00,Private
U55101MH2011PTC223409,ORUMAA FOOD & SERVICES PRIVATE LIMITED,Strike Off,100000.00,100000.00,Private
U63000DL2014PTC270142,LOTUS FEET ONLINE PRIVATE LIMITED,Strike Off,100000,100000,Private
U55101TN2015PTC101714,XANADU HOSPITALITY PRIVATE LIMITED,Active,2000000.00,2000000.00,Private
U65100DL2021NPL381271,RS LAXMI MICRO SERVICES FOUNDATION,Active,100000,10000,Private
U51900TZ2021PTC036708,PETERPRIDE CONSULTANCY PRIVATE LIMITED,Active,100000.00,100000.00,Private
U70200DL2018PTC339027,SUCHETA BUILDWELL PRIVATE LIMITED,Active,100000,100000,Private
U70100KA2019PTC127428,MARKON HOMES PRIVATE LIMITED,Active,100000.00,100000.00,Private
U27100MH1971PTC014986,HARD BRIGRT STEEL WIRES PRIVATE LIMITED,Under Liquidation,500000.00,60000.00,Private
U45200DL2012PTC239653,HIMALAYADEEP ESTATES PRIVATE LIMITED,Active,100000,100000,Private
U15400DL2020PTC374600,ORGANIC CHACHA TECHNOLOGY SOLUTIONS PRIVATE LIMITED,Under process of striking off,100000,100000,Private
U26913TN1989PTC018347,SRI SHANMUGA CERAMICS PRIVATE LIMITED,Strike Off,500000.00,75000.00,Private
U24110MH2003PTC055652,LIBSCOGEM RASAYAN PRIVATE LIMITED,Strike Off,300000.00,100000.00,Private
U27100GJ2012PTC072460,TIRUPATI TUBES PRIVATE LIMITED,Active,7000000.00,4100080.00,Private
U28920TN1992PTC022267,ESGEE ALLOY CASTINGS PVT. LTD,Strike Off,100000.00,0.00,Private
U28112MH2008PTC185980,T-TRADE THERMAL TRANSFER RIBBONS PRIVATE LIMITED,Active,105260.00,105260.00,Private
U74300PN2007PTC129446,STEPS COMMUNICATION PRIVATE LIMITED,Active,100000.00,100000.00,Private
U55204GJ2001PTC039524,DOLPHIN HOSPITALITY SERVICES PRIVATE LIMITED,Active,500000.00,500000.00,Private
U85300DL2019PTC350181,EYE MANTRA HOSPITAL PRIVATE LIMITED,Active,100000,100000,Private
U29142TN1988PLC015976,KILBURN STARTERS LTD.,Strike Off,1500000.00,549070.00,Public
U65924DL1996PTC079991,MATASYA FINVEST PRIVATE LIMITED,Strike Off,100000,2000,Private
U63033DL2015PTC279155,AEROCITY TRAVELS PRIVATE LIMITED,Active,1000000,1000000,Private
U72300TN2001PTC046580,CYBERLAND INFO PRIVATE LIMITED,Strike Off,1300000.00,0.00,Private
U74999PN2022PTC214102,PADMAYANI INDUSTRIAL SERVICES PRIVATE LIMITED,Active,100000.00,100000.00,Private
U31909KA2020PTC140315,TEKINWI PRIVATE LIMITED,Active,1500000.00,500000.00,Private
U85320MH2018PTC312344,ZERO MILES HOSPITAL AND RESEARCH CENTRE PRIVATE LIMITED,Active,1000000.00,1000000.00,Private
U99999MH1987PTC043844,NEPTUNE MARKETING AND MANAGEMENT SERVICES PVT LTD,Strike Off,450000.00,0.00,Private
U27200DL1980PTC010434,ACCURATE INDUSTRIES AND CONSTRUCTIONS PRIVATE LIMITED,Strike Off,2500000,11000,Private
U49223DL2024PTC438530,K D S TRANSPORT SOLUTIONS PRIVATE LIMITED,Active,1000000,200000,Private
U29253MH2014PTC254897,SANSUN INDUSTRIES PRIVATE LIMITED,Active,10000000.00,5330000.00,Private
U15122DL2014PTC271781,SHRI JRG FOODS PRIVATE LIMITED,Active,240000000,240000000,Private
U65999DL2006PTC153822,ROULAC INDIA INVESTMENT ADVISORY PRIVATE LIMITED,Strike Off,60000000,13351900,Private
U72900DL2015PTC275227,IMATECH INNOVATIONS PRIVATE LIMITED,Strike Off,100000,100000,Private
U72200DL2003PTC119934,DREWRY MARITIME SERVICES PRIVATE LIMITED,Active,500000,100000,Private
U24295MH1999PTC121469,FUTURISTIC TAPES PRIVATE LIMITED,Active,1000000.00,1000000.00,Private
U74899DL1995PTC065977,KHATRI TRADING PRIVATE LIMITED,Converted to LLP,300000,100000,Private
U55902MH2025PTC444980,VAISHNAVI LUXORA PRIVATE LIMITED,Active,100000.00,100000.00,Private
U51909KA2017PTC103765,SRI SRIKANTESHWARA SWAMY SOLUTIONS PRIVATE LIMITED,Active,500000.00,100000.00,Private
U74999DL2018PTC336780,INTEGRATED INSOLVENCY & RESTRUCTURING PRIVATE LIMITED,Active,11000000,11000000,Private
U24299GJ1974PTC002501,MORARJI INTERMEDIATES PRIVATE LIMITED,Active,500000.00,11000.00,Private
U63030TN2021PTC144805,HERA LOGISTICS PRIVATE LIMITED,Active,1000000.00,100000.00,Private
U51909TZ2010PTC016006,SAI ROGHINI EXIM PRIVATE LIMITED,Active,100000.00,100000.00,Private
U52190MH2006PTC164250,KAYSONS BLING PRIVATE LIMITED,Strike Off,100000.00,0.00,Private
U85200MH2018NPL309098,PANBAI WELFARE FOUNDATION,Active,100000.00,100000.00,Private
U65992KA1999PTC025929,SCS CHITS PRIVATE LIMITED,Strike Off,2500000.00,0.00,Private
L17110GJ1962PLC001160,ARUNODAY MILLS LIMITED,Active,150000000.00,55000000.00,Public
U72900MH2000PTC125182,GURUKRUPA NETWORKS PRIVATE LIMITED,Strike Off,100000.00,300.00,Private
U92490KA2017OPC104543,PRATIBHE TALENT EXHIBIT (OPC) PRIVATE LIMITED,Strike Off,100000.00,100000.00,One Person Company
U10799GJ2023PTC144272,SWAD KAA SAFAR. PRIVATE LIMITED,Active,100000.00,100000.00,Private
U36109KA1999PTC025910,PRIME FURNITURES PRIVATE LIMITED,Strike Off,200000.00,0.00,Private
U55206KA2022PTC159653,HOGHUT FOODS AND HOSPITALITY PRIVATE LIMITED,Active,1000000.00,100000.00,Private
U51909TN2019PTC128819,SAIVIJAYALAKSHMI PAINTS HARDWARES AND ELECTRICAL PRIVATE LIMITED,Strike Off,50000000.00,5000000.00,Private
U63010DL2014PTC270752,GWEN LOGISTICS PRIVATE LIMITED,Strike Off,100000,100000,Private
U24110MH1995PLC089130,VECARE LABORATORIES LIMITED,Active,1000000.00,505000.00,Public
U85300TN2021NPL148796,BRAVE VISION SPORTS FOUNDATION,Active,100000.00,50000.00,Private
U74910MH2019PTC326173,ASCENTIA VENTURES PRIVATE LIMITED,Active,100000.00,50000.00,Private
U74140DL2009PTC193438,HEAVEN MEDIA PRIVATE LIMITED,Strike Off,100000,100000,Private
U24297DL2013PTC250733,AON BIOTECH PRIVATE LIMITED,Strike Off,500000,100000,Private
U46512PN2024OPC232129,SCHEMATISE LEX DATA ANALYSIS (OPC) PRIVATE LIMITED,Active,90000.00,35000.00,One Person Company
U36999TN1956PTC001442,MADRAS SPORTS PRIVATE LIMITED,Strike Off,20000.00,0.00,Private
U74900GJ2015PTC085294,LOYAL TRIP MAKERS PRIVATE LIMITED,Active,100000.00,100000.00,Private
U52100PN2010PTC136346,DREAMHOUSE LITERATURE CENTRE PRIVATE LIMITED,Strike Off,100000.00,100000.00,Private
U51909GJ2001PTC039806,JESNIL IMPEX PRIVATE LIMITED,Strike Off,100000.00,0.00,Private
U50300DL1996PTC075309,SUHANA AUTO PRIVATE LIMITED,Active,9200000,9200000,Private
U99999DL1992PTC049796,KOSHY AND KOSHY IMPEX PRIVATE LIMITED,Strike Off,100000,1000,Private
U15400DL2022PTC399378,AYS AGRO FOODS PRIVATE LIMITED,Active,1000000,100000,Private
U74900PN2015PTC155908,LEGALMATRIX SOLUTIONS PRIVATE LIMITED,Active,500000.00,100000.00,Private
U74900MH2011PTC222028,VILLAGE BOY PRODUCTIONS PRIVATE LIMITED,Active,100000.00,100000.00,Private
U74140DL2015PTC280257,SUPERBPRINT SERVICES PRIVATE LIMITED,Active,300000,300000,Private
U74999MH2020PTC346627,JADGAONWALA JEWELLERS PRIVATE LIMITED,Active,30000000.00,30000000.00,Private
U74999MH2018PTC310354,JITASA HOSPITALITY PRIVATE LIMITED,Active,6500000.00,6348510.00,Private
U45203KA2014PTC074015,ASRITHA HOMES PRIVATE LIMITED,Active,100000.00,100000.00,Private
U74999DL2021PLC377654,SINGHANIA FINTECH AGRIBUSINESS CONSORTIUM LIMITED,Active,1500000,100000,Public
U45201TN2019PTC130549,V.S BUILDING SOLUTIONS PRIVATE LIMITED,Active,1000000.00,100000.00,Private
U66120MH2008PTC181773,PRAGMATIC EQUITIES (INDIA) PRIVATE LIMITED,Active,10000000.00,6530220.00,Private
U86202KA2023PTC178557,SMILO DENTAL AND MEDICAL SERVICES PRIVATE LIMITED,Active,1000000.00,50000.00,Private
U74120MH2016PTC272500,SIMPLETON MULTITRADE PRIVATE LIMITED,Active,100000.00,100000.00,Private
U31504KA2013PTC069073,ASB POWER SOLUTIONS PRIVATE LIMITED,Strike Off,100000.00,100000.00,Private
U74999DL2015PTC283987,COMPLETE AV EVENT MANAGEMENT PRIVATE LIMITED,Strike Off,100000,100000,Private
U63000DL2010PTC208260,MIND ASSERTION PRIVATE LIMITED,Strike Off,100000,100000,Private
U74999MH1981PTC025673,SANGHI OXYGEN (BOMBAY) PVT LTD,Active,2000000.00,500000.00,Private
U24230MH1986PLC040602,KOPRAN LABORATORIES LIMITED,Active,80000000.00,53031600.00,Public
U24230MH1992PLC068634,NEPHRO PHARMACEUTICALS (INDIA) LIMITED,Active,1000000.00,7000.00,Public
U93000TN2012PTC086584,THALAI NAGAR DIGITAL CABLES PRIVATE LIMITED,Strike Off,500000.00,250000.00,Private
U25200KA1987PTC008127,L.A.C. PLASTICS PRIVATE LIMITED,Strike Off,1000000.00,2000.00,Private
U45200PN2012PTC143035,ATHARVA ADITI PATSON PRIVATE LIMITED,Strike Off,100000.00,100000.00,Private
U34300MH2002PTC135918,JAYALAXMI PRECISION ENGINEERING PRIVATE LIMITED,Active,500000.00,500000.00,Private
U15419GJ1995PTC028286,SAGAR PROTEINS AND FOODS PVT. LTD,Strike Off,5000000.00,300.00,Private
U35999MH2016PTC289149,TRANSEVO SOLUTIONS & SERVICES PRIVATE LIMITED,Strike Off,100000.00,100000.00,Private
U15320GJ2008PTC052920,MONA WAFERS PRIVATE LIMITED,Strike Off,100000.00,0.00,Private
U74999MH2015NPL261535,VIJAY DEVRAJ GUPTA FOUNDATION,Active,100000.00,100000.00,Private
U80903TN2010PTC077138,NORTH EASTERN MARITIME SERVICES PRIVATE LIMITED,Strike Off,100000.00,100000.00,Private
U45201GJ2013PTC075419,KOSHER INFRA AND ENERGY PRIVATE LIMITED,Strike Off,100000.00,100000.00,Private
U50100DL2005PTC133631,FAIR DEAL PREMIUM WHEELS PRIVATE LIMITED,Active,20000000,13522000,Private
U58111KA2023PTC170999,APERION CONTENT SOLUTIONS PRIVATE LIMITED,Active,100000.00,100000.00,Private
U17110GJ2005PTC046754,PANCHDEEP COTTON INDUSTRIES PRIVATE LIMITED,Active,20000000.00,20000000.00,Private
U36109DL2009PTC187620,MK FURNCRAFT PRIVATE LIMITED,Under Liquidation,16000000,15457400,Private
U67110DL2020PTC373988,STARSEED INVESTMENTS PRIVATE LIMITED,Active,5000000,5000000,Private
U85110DL2005PTC135065,GANESH ORTHO TRAUMA & MEDICAL CENTRE PRIVATE LIMITED,Active,100000,100000,Private
U72900GJ2017PTC100029,TURABIT SOLUTIONS PRIVATE LIMITED,Active,100000.00,100000.00,Private
U80902MH2008PTC180695,ALL FOR KIDS LEARNING PRIVATE LIMITED,Active,500000.00,100000.00,Private
U24310GJ2024PTC147613,CHAROTAR STEEL PRIVATE LIMITED,Active,100000.00,100000.00,Private
U74900PN2012PTC145641,SMART WAY CONSUMER SOLUTIONS PRIVATE LIMITED,Strike Off,100000.00,100000.00,Private
U51909DL2019PTC359234,PRV HANDLOOM PRIVATE LIMITED,Strike Off,1000000,1000000,Private
U74120MH2016PTC273182,FINOLIMO SERVICES PRIVATE LIMITED,Active,100000.00,100000.00,Private
U70200MH2020PTC349994,STELLA TECHCONSULT PRIVATE LIMITED,Strike Off,100000.00,100000.00,Private
U65991TN1993PTC024654,SINDU GANGA INVESTMENTS PRIVATE LIMITED,Strike Off,100000.00,200.00,Private
U72200PN2010PTC136787,TELOSCOPE SOFTWARE SOLUTIONS PRIVATE LIMITED,Active,1000000.00,100000.00,Private
U74140KA2021PTC152751,SOCIAL WEB CLUB PRIVATE LIMITED,Active,100000.00,100000.00,Private
U29290MH1931PTC001752,AUTOGENOUS WELDING AND REPAIR COMPANY PRIVATE LIMITED,Active,500000.00,324000.00,Private
U72200KA2008PTC045603,BFI TECHNOLOGIES PRIVATE LIMITED,Converted to LLP,10000000.00,9999990.00,Private
U74999KA2017OPC105710,SPRIHAA WELLNESS (OPC) PRIVATE LIMITED,Active,100000.00,100000.00,One Person Company
U45200MH2010PTC202446,DOLLIS HILL DEVELOPERS PRIVATE LIMITED,Active,50000000.00,10000000.00,Private
U73100KA2024PTC190015,MAGNIFLUENCE TECH PRIVATE LIMITED,Active,100000.00,100000.00,Private
U55101MH2017PTC296421,NIVADHAN ENTERPRISES PRIVATE LIMITED,Active,100000.00,100000.00,Private
U52333DL2016PTC291932,WOODSHOPPER ONLINE INDIA PRIVATE LIMITED,Converted to LLP,2000000,2000000,Private
U35900DL2013PTC253813,OZO BEARINGS & AUTOMOBILE PRIVATE LIMITED,Active,2000000,2000000,Private
U74999MH2022PTC378972,BLAZE INTERACTIVE PRIVATE LIMITED,Active,100000.00,100000.00,Private
U15490TN2021PTC141081,MEHA BIO FOODS PRIVATE LIMITED,Strike Off,1500000.00,1000.00,Private
U70102PN2013PLC147686,RURAL INFRATEL INTERNATIONAL LIMITED,Active,500000.00,500000.00,Public
U74999GJ2019PTC105862,ATTACK PEST CONTROL PRIVATE LIMITED,Strike Off,1000000.00,100000.00,Private
U51909DL1984PLC019335,NIKUNJ AGRO TRADING LIMITED,Active,15000000,9950000,Public
U52599TN1992PTC022062,SIMOS COMPUTER SYSTEMS PRIVATE LIMITED,Strike Off,100000.00,100000.00,Private
U00069MH2000PTC900079,JOY HOLIDAY RESORTS PVT.LTD.,Inactive for e-filing,0.00,0.00,Private
U85310MH2020NPL338970,SNEHADAAN FOUNDATION,Active,0.00,0.00,Private
U60200MH2019PTC324163,VASANTSHREE LOGISTICS PRIVATE LIMITED,Active,100000.00,100000.00,Private
U51909DL2014PTC264357,DASGRIV DECOR PRIVATE LIMITED,Active,1000000,100000,Private
U72900KA2020PTC133824,UNICUSMIND TECHNOLOGIES PRIVATE LIMITED,Active,1500000.00,100000.00,Private
U29309DL2017PTC315986,ADM SOLAR POWER AND INFRASTRUCTURE PRIVATE LIMITED,Active,45000000,39000000,Private
U74999DL2016PTC291353,APS SHIPPING PRIVATE LIMITED,Active,100000,100000,Private
U29120GJ1997PTC033232,NEW KHIM IMPEX PRIVATE LIMITED,Strike Off,100000.00,100000.00,Private
U51900GJ1946PTC142877,VISHWA GLASS AND CERAMICS PRIVATE LIMITED,Active,15000000.00,13740000.00,Private
U52520TZ2020PTC035065,RAYAN SHARUK FOOD STUFFS PRIVATE LIMITED,Active,100000.00,100000.00,Private
U65910KA1992PTC013229,EXCELL CAPITAL MARKET SERVICES PRIVATE LIMITED,Strike Off,2500000.00,2077500.00,Private
U74999DL2021PTC377813,SGRT CONSULTANT PRIVATE LIMITED,Strike Off,100000,10000,Private
U74999TN2010PTC075133,AV MARINE SERVICES PRIVATE LIMITED,Strike Off,100000.00,100000.00,Private
U24129DL1998PLC091628,HINDUSTAN KRISHI BIO-TECH LIMITED,Active,10000000,10000000,Public
U29306TN2018PTC122268,KINGLAB INSTRUMENTS PRIVATE LIMITED,Active,1000000.00,500000.00,Private
U51900TN2010PTC075745,EQUITAS B2B TRADING PRIVATE LIMITED,Strike Off,20000000.00,20000000.00,Private
U26955TZ2012PTC018485,SELVA STONE EXPORT PRIVATE LIMITED,Active,120000000.00,93014200.00,Private
U74999MH2018PTC316927,VIPEQ DECORATIVE INSULATIONS PRIVATE LIMITED,Active,100000.00,100000.00,Private
U72900MH2021PTC365552,DRISHTI WORKS PRIVATE LIMITED,Active,10000.00,10000.00,Private
U24304DL2020PLC360532,BHAGWAN DASS PHARMACEUTICAL LIMITED,Active,100000,100000,Public
U85500GJ2024PTC151394,MERICLER EDUCATION INDIA PRIVATE LIMITED,Active,100000.00,100000.00,Private
U85100TN2022NPL151623,SHREE BHOGAR FOUNDATION,Active,0.00,0.00,Private
U74899TN1994PTC173620,TRW SUN STEERING WHEELS PRIVATE LIMITED,Active,80000000.00,29040390.00,Private
U74900MH2013PTC246428,JADHAV MOTOR WORKS PRIVATE LIMITED,Strike Off,100000.00,100000.00,Private
U85199GJ1995PTC025626,KARNAVATI HEALTHCARE PVT LTD,Strike Off,100000.00,100000.00,Private
U42900MH2023PTC415248,THINK AHEAD INFRACON PRIVATE LIMITED,Active,500000.00,200000.00,Private
U74140GJ2014PTC081595,WINHONOR CONSULTANTS INDIA PRIVATE LIMITED,Strike Off,100000.00,100000.00,Private
U65921DL1996PLC191136,MAHAVIRA FINLEASE LIMITED,Active,50000000,41000000,Public
U35105PN2025PTC237294,NETWEST SOLAR PRIVATE LIMITED,Active,1000000.00,100000.00,Private
U74900TN2008PTC066930,AJITHA FACILITY MANAGEMENT SERVICES PRIVATE LIMITED,Strike Off,100000.00,100000.00,Private
U01911TZ2003PTC010468,K K S K HIDES PRIVATE LIMITED,Active,10000000.00,2000000.00,Private
U24100GJ1978PTC003113,METRO REFILLS PRIVATE LIMITED,Inactive for e-filing,100.00,0.00,Private
U70200TN2011PTC080629,GLADWAY HOUSING PRIVATE LIMITED,Active,5000000.00,5000000.00,Private
U74999KA2022PTC164648,RUHE ENTERTAINMENT PRIVATE LIMITED,Active,100000.00,100000.00,Private
U63040GJ1993PTC020395,KALYAN TOURS AND TRAVELS PVT LTD,Strike Off,100000.00,0.00,Private
U72900KA2022PTC159097,PROWESS TELECOM SERVICES PRIVATE LIMITED,Active,500000.00,100000.00,Private
U45400DL2007PTC161488,CERES BUILDWELL PRIVATE LIMITED,Amalgamated,200000,100000,Private
U19122TN2004PTC054350,GAR LEATHERS PRIVATE LIMITED,Strike Off,1000000.00,100000.00,Private
U93090DL2017PTC321857,CADENCE MANAGEMENT PRIVATE LIMITED,Strike Off,100000,100000,Private
U15543TN2002PTC048453,K.R.T.ENTERPRISES PRIVATE LIMITED,Strike Off,1000000.00,1000000.00,Private
U52609GJ2021PLC127572,NIMSTECH INDUSTRIES LIMITED,Active,62500000.00,37500000.00,Public
U70100MH2003PTC140478,ISHA PROPERTIES PRIVATE LIMITED,Inactive for e-filing,3600000.00,3200000.00,Private
U51103TN2016PTC104607,SASA BEST SHOPPING PRIVATE LIMITED,Strike Off,500000.00,100000.00,Private
U31909KA2019PTC123628,PYROGENIC ENGINEERINGS (I) PRIVATE LIMITED,Active,30000000.00,10000000.00,Private
U29253MH2009PTC195793,KELVOLT (INDIA) PRIVATE LIMITED,Under CIRP,1000000.00,1000000.00,Private
U72900KA2010PTC052846,SLP TECHNOLOGIES PRIVATE LIMITED,Strike Off,1000000.00,1000000.00,Private
U51909GJ2022PTC128864,SIGMAFORCE TECHNOLOGIES PRIVATE LIMITED,Active,100000.00,100000.00,Private
U45400DL2007PTC165726,DELL PROPBUILD PRIVATE LIMITED,Strike Off,100000,100000,Private
U24320MH2023PTC402569,VINUWALA TRADING INDUSTRIES PRIVATE LIMITED,Active,100000.00,100000.00,Private
U45200PN2010PTC136762,ASHOK CIVIL INFRACON PRIVATE LIMITED,Strike Off,100000.00,100000.00,Private
U28999DL2006PTC145266,LIMRA ENGINEERS PRIVATE LIMITED,Converted to LLP,200000,100000,Private
U24290DL2022PTC406848,PRACHET LIFE SCIENCES PRIVATE LIMITED,Active,1000000,1000000,Private
U74900DL1995PTC074633,NOUVEL BEARINGS PRIVATE LIMITED,Strike Off,2000000,2000,Private
U67120KA2009PTC051421,STREET SMART GOLD INVESTMENT ADVISORS PRIVATE LIMITED,Strike Off,100000.00,100000.00,Private
U51902GJ2008PTC052870,PORTLAND INFRACON PRIVATE LIMITED,Active,200000.00,100000.00,Private
U26109KA2023PTC173929,SYNTECH ELECTRO SOLUTIONS PRIVATE LIMITED,Active,1000000.00,100000.00,Private
U52390DL2010PTC209375,MILES ELECTRIC PRIVATE LIMITED,Active,100000,100000,Private
U74999MH2022PTC390503,CATALAN COLLECTIVE PRIVATE LIMITED,Active,1000000.00,100000.00,Private
U01100TN2020PTC136148,HEXAGRO FIBRE PRIVATE LIMITED,Active,2000000.00,1948800.00,Private
U51909MH2006PTC165635,JINESHWAR EXIM PRIVATE LIMITED,Active,500000.00,100000.00,Private
U01111KA2006PTC039505,SHREE DHANLAKSHMI CASHEW EXPORTS PRIVATE LIMITED,Active,20000000.00,6680000.00,Private
L45100GJ1994PLC023742,MARUTI INFRASTRUCTURE LIMITED,Active,200000000.00,187500000.00,Public
U28990PN2021PTC206302,BIBTECH SYSTEMS PRIVATE LIMITED,Active,1500000.00,100000.00,Private
U74120MH2015PTC268901,COMIDA HOSPITALITY PRIVATE LIMITED,Active,100000.00,100000.00,Private
U64202DL1999PTC099345,RAUN HARMAN TECHNOLOGIES PRIVATE LIMITED,Active,200000,100000,Private
U15200KA2022PTC166553,YUMMY MILLETS KITCHENS PRIVATE LIMITED,Active,2500000.00,2500000.00,Private
U52100MH2011PLC222847,RAINBOW SERVICES LIMITED,Strike Off,500000.00,500000.00,Public
U74999MH2018PTC308082,SAPGLOBAL CLEARING & FORWARDING AGENCY PRIVATE LIMITED,Active,100000.00,100000.00,Private
U74999KA2019PTC124817,COGATRIA PRIVATE LIMITED,Strike Off,1000000.00,100000.00,Private
U74999MH2015FTC261873,LIST DRY PROCESSING INDIA PRIVATE LIMITED,Strike Off,3800000.00,3718690.00,Private
U29308GJ2022PTC131433,SPEED HYDRAULICS PRIVATE LIMITED,Active,3600000.00,3600000.00,Private
U65990MH1992PLC069338,SIMTO PROPERTY DEVELOPERS LTD,Converted to LLP,10000000.00,6200000.00,Public
U18101DL1997PTC085827,NEW ZIGMA APPARELS (INDIA) PRIVATE LIMITED,Active,2500000,1563000,Private
U01100MH2022PTC385771,AMBAR AGROTECH PRODUCER COMPANY LIMITED,Active,1500000.00,136600.00,Private
U65992KA1995PTC018914,MARGASOOCHI CHITS PRIVATE LIMITED,Active,500000.00,500000.00,Private
U63030DL2021PTC384961,PARK HOSPITALITY AND RESORTS PRIVATE LIMITED,Active,1000000,150000,Private
U31102PN2001PTC016507,ARIHANT ELECTROTECH PRIVATE LIMITED,Active,500000.00,480000.00,Private
U35105TZ2023PTC028197,SREE GOKHULAM SOLAR PRIVATE LIMITED,Active,2500000.00,2000000.00,Private
U72900MH2022PTC381449,DUNEDIN MANAGEMENT SERVICES INDIA PRIVATE LIMITED,Active,7500000.00,7500.00,Private
U36100MH2013PTC250204,SIDDHARTH ORNAMENTS PRIVATE LIMITED,Active,100000.00,100000.00,Private
U72900PN2020PTC189776,ALEXA SOFTWARE PRIVATE LIMITED,Active,100000.00,100000.00,Private
U51909MH2017PTC294513,DOCTOR'S GUILD MEGACARE PRIVATE LIMITED,Active,1100000.00,100000.00,Private
U47912TN2023PTC163354,KYALSHOP INDIA PRIVATE LIMITED,Under process of striking off,1000000.00,40000.00,Private
U51900MH1993PTC071116,APURVA IMPEX (BOMBAY) PVT.LTD.,Strike Off,1000000.00,0.00,Private
U45200DL2024PTC436202,KYRO AUTOMOTIVE PRIVATE LIMITED,Active,1000000,100000,Private
U72900DL2013PTC249380,QUALIXA SOLUTIONS PRIVATE LIMITED,Strike Off,100000,100000,Private
U24230MH2022PTC386257,NEXZA LIFE SCIENCE PRIVATE LIMITED,Active,900000.00,900000.00,Private
U62013PN2024FTC229490,INFLOOENS INDIA OPERATIONS PRIVATE LIMITED,Active,100000.00,100000.00,Private
U74999PN2020OPC193136,MEDISITO LIFE SCIENCES (OPC) PRIVATE LIMITED,Strike Off,100000.00,100000.00,One Person Company
U24232DL2010PTC198022,VERDANT BIOTECH PRIVATE LIMITED,Strike Off,100000,100000,Private
U64200PN2021PTC205148,CITYSKY ENGINEERING PRIVATE LIMITED,Active,500000.00,100000.00,Private
L72200GJ1994PLC021885,SHALIBHADRA INFOSEC LIMITED,Active,355000000.00,350005000.00,Public
U16296KA2024PTC185304,SERAPHLEAF ECO PRIVATE LIMITED,Active,100000.00,10000.00,Private
U72900TN2011PTC079167,MARIYANO TECHNOLOGIES PRIVATE LIMITED,Active,100000.00,100000.00,Private
U80301MH2018PTC314008,SECUNDUMFORO EDUCATION PRIVATE LIMITED,Active,500000.00,100000.00,Private
U65990MH1996PTC100810,ARTI LEASING AND FINANCE PRIVATE LIMITED,Strike Off,2500000.00,0.00,Private
U62099MH2023PTC413937,DATADYNO TECHNOLOGIES PRIVATE LIMITED,Active,500000.00,100000.00,Private
U18200DL2024PTC425878,TRIPPLE ZERO MEDIA PRIVATE LIMITED,Active,100000,100000,Private
U64200DL2010PTC198786,ICE MOBILE NETWORK SYSTEMS PRIVATE LIMITED,Active,22500000,22500000,Private
U52190MH2009PTC193862,EX-BUZZ FIRE & SECURITY PRIVATE LIMITED,Active,40000000.00,8200000.00,Private
U55101KA1999PTC024730,JAI MATHA HOTELS PRIVATE LIMITED,Active,5000000.00,4300000.00,Private
U74999DL2021PTC381421,ARKSA SOLUTIONS PRIVATE LIMITED,Active,100000,100000,Private
U22219GJ2016PTC093845,MIZYA SPOTLIGHT PRIVATE LIMITED,Strike Off,100000.00,100000.00,Private
U74899DL1995PTC064399,NAURANG INVESTMENT AND FINANCIAL SERVICES PRIVATE LIMITED,Active,500000,100000,Private
U65100DL2019PTC344566,ATD FINTECH SERVICES PRIVATE LIMITED,Active,100000,100000,Private
U24290TN2022OPC152542,PUTTUR DR RAVI RAJU INDUSTRIES (OPC) PRIVATE LIMITED,Active,1500000.00,100000.00,One Person Company
U18101GJ1992PTC059095,ORBIT FABRICS PRIVATE LIMITED,Dissolved under section 59(8),60000000.00,58509120.00,Private
U85500MH2024NPL422064,IND FX CODE PARTICIPANTS ASSOCIATION,Active,0.00,0.00,Public
U55101MH1979PTC022022,COMMANDO HOTELS PRIVATE LIMITED,Active,10000000.00,5000000.00,Private
U74999MH2007PTC175368,SEVEN NEBULA PRIVATE LIMITED,Strike Off,200000.00,100000.00,Private
U72900KA2017PTC103160,ABHAV MEDIA SOLUTIONS PRIVATE LIMITED,Strike Off,1000000.00,500000.00,Private
U51909DL2004PTC128083,ZEENEX MARKETING SOLUTION PRIVATE LIMITED,Strike Off,100000,100000,Private
U86909KA2023PTC174826,METGUD HEALTHCARE PRIVATE LIMITED,Active,1000000.00,1000000.00,Private
U51900MH2019PTC328108,AKBB FASHIONS AND ELECTRONICS PRIVATE LIMITED,Strike Off,100000.00,10000.00,Private
U45201DL2002PTC116215,VASANT RESIDENTIAL AND COMMERCIAL COMPLEXES PRIVATE LIMITED,Strike Off,100000,100000,Private
U72200PN2002PTC016887,MCKINNON AND CLARKE (INDIA) PRIVATE LIMITED,Under Liquidation,2000000.00,416100.00,Private
U74900MH2015PTC266257,SUPR TECHLABS PRIVATE LIMITED,Strike Off,200000.00,123160.00,Private
U46411DL2023PTC415027,NSD KNITTER INDIA PRIVATE LIMITED,Active,100000,100000,Private
U74900MH2016PTC274064,ORNATE GROUP PRIVATE LIMITED,Active,100000.00,100000.00,Private
U45200MH2002PLC137267,FACET DEVELOPERS LIMITED,Active,1000000.00,500000.00,Public
U74300MH2005PTC156419,PROCAM MEDIATEL PRIVATE LIMITED,Converted to LLP,100000.00,100000.00,Private
U55101GJ2012PTC071346,RADHESHYAM RESORT PRIVATE LIMITED,Strike Off,100000.00,100000.00,Private
U93120DL2025PTC443968,MINDA CLUB PRIVATE LIMITED,Active,1000000,100000,Private
U74999DL1993PTC053123,RAM RESORTS AND INDUSTRIES PRIVATE LIMITED,Active,50000000,42342000,Private
U74900KA2010PTC056322,DARSHAN PRODUCTIONS PRIVATE LIMITED,Active,30000000.00,1500000.00,Private
U74999TN2017PTC113984,MALLI DECORS PRIVATE LIMITED,Active,100000.00,100000.00,Private
U93091DL2006PTC149314,MANSAROVER EXIM PRIVATE LIMITED,Active,50000000,4988000,Private
U74899DL1995PTC072251,VIG GRAPHICS PRIVATE LIMITED,Active,1600000,1560000,Private
U80222MH2020PTC346262,ELEGANCE INNOVATION SERVICES PRIVATE LIMITED,Active,100000.00,100000.00,Private
U15122MH2011PTC225067,KONKAN DAIRY FARMS PRIVATE LIMITED,Strike Off,100000.00,100000.00,Private
U72300DL2015PTC279245,PK INFOSERVICES PRIVATE LIMITED,Under process of striking off,100000,100000,Private
U86201MH2024PTC434875,CORE11 LIFESCIENCE PRIVATE LIMITED,Active,1000000.00,1000000.00,Private
U70101DL2005PTC138529,GULATI BUILDWELL PRIVATE LIMITED,Active,500000,100000,Private
U74920DL2010PTC210640,STIFF SECURITY PRIVATE LIMITED,Active,1000000,100000,Private
U74899DL1995PTC066440,STRATEGIC FINANCIAL SERVICES PRIVATE LIMITED,Active,8000000,7182670,Private
U90009TN2023PTC158776,OTT MSF MOVIES PRIVATE LIMITED,Active,1500000.00,275000.00,Private
U63030DL2023PTC409944,K-NXT LOGISTICX PRIVATE LIMITED,Active,100000,100000,Private
U51909KA2010PTC053871,LIVINGSHINE TECHNOLOGIES PRIVATE LIMITED,Active,500000.00,100000.00,Private
U86909DL2023NPL424540,VAISH INTERNATIONAL ASSOCIATION,Active,0,0,Public
U74999DL2018PTC333266,CAPILT SERVICES PRIVATE LIMITED,Active,100000,100000,Private
U62013KA2025PTC197449,CLIPERACT TECHNOLOGIES PRIVATE LIMITED,Active,100000.00,100000.00,Private
U63122TN2024PTC169406,DIY DIGITAL MESSIAHS PRIVATE LIMITED,Active,1000000.00,10000.00,Private
U74999MH2018PTC318158,SHARAYUP PATIL INDIA INDUSTRIES PRIVATE LIMITED,Active,100000.00,100000.00,Private
U92100TZ2020PTC033643,BLAACK TEA STUDIOS PRIVATE LIMITED,Strike Off,1000000.00,1000000.00,Private
U70100TN2016PTC111580,KEEVI PROMOTERS AND DEVELOPERS PRIVATE LIMITED,Active,1000000.00,1000000.00,Private
U74140KA2013PTC067937,PIRGAL CONSULTING PRIVATE LIMITED,Active,100000.00,100000.00,Private
U52393MH2010PTC205657,ANANT DIAMOND PRIVATE LIMITED,Strike Off,100000.00,100000.00,Private
U74999DL2018PTC328898,CONCILIATORY SERVICES PRIVATE LIMITED,Active,100000,100000,Private
U74900MH2015PTC264373,NM FIX MAINTENANCE SERVICES PRIVATE LIMITED,Strike Off,500000.00,120190.00,Private
U55204MH2007PTC167937,TRIVENI HOSPITALITY & SERVICES PRIVATE LIMITED,Strike Off,3000000.00,1800000.00,Private
U24134MH1992PTC069348,PERFORMANCE POLYMERS PVT.LTD.,Strike Off,500000.00,0.00,Private
U24230MH2020PTC344412,PRACTON PHARMA PRIVATE LIMITED,Active,1000000.00,1000000.00,Private
U27109MH2020PTC339871,IMR STEEL PRIVATE LIMITED,Active,1000000000.00,367547420.00,Private
U45200GJ2006PTC048946,VASANT ORGANISERS PVT. LTD.,Active,100000.00,100000.00,Private
U55101KA2024PTC187596,SARVA BHARATH VENTURE PRIVATE LIMITED,Active,5000000.00,500000.00,Private
U74999KA2016OPC097886,DHRITAM (OPC) PRIVATE LIMITED,Active,100000.00,100000.00,One Person Company
U35923MH2021PTC354010,REVAMP MOTO PRIVATE LIMITED,Active,1500000.00,265900.00,Private
U99999DL1972PTC006019,SRINIVAS MACHINERY PVT LTD,Strike Off,500000,0,Private
U22130DL2013PTC247878,PUMPKINS ENTERPRISES PRIVATE LIMITED,Active,1000000,800000,Private
U72200DL1995PLC073440,EUROLINK INFORMATICS LIMITED,Strike Off,500000,7000,Public
U67120MH2007PTC175031,NEWEDGE BROKER INDIA PRIVATE LIMITED,Active,2530000000.00,47596500.00,Private
U74899DL1991PTC042571,VIKAS SURGICAL AIDS PRIVATE LIMITED,Strike Off,2500000,3000,Private
U67120GJ2010PTC061559,LAKSHYA FINCAP SERVICES PRIVATE LIMITED,Strike Off,100000.00,100000.00,Private
U43214MH2023PTC408763,ANAND NATURAL WORK PRIVATE LIMITED,Active,10000.00,10000.00,Private
U40106DL2010PTC205034,NATURALLE SOLAR SOLUTIONS PRIVATE LIMITED,Strike Off,500000,200000,Private
U40107DL2010PTC198659,KRRISH ENERGY SOLUTIONS PRIVATE LIMITED,Strike Off,100000,100000,Private
U15544TN1981PTC009129,ICE BERG PRIVATE LIMITED,Under process of striking off,1000000.00,72000.00,Private
U65910GJ1983PTC006025,PUNDRIKSHA INVESTMENT PRIVATE LIMITED,Strike Off,200000.00,200000.00,Private
U74999TN2018PTC123911,HYDROGRAPHENIUM INDUS LAB PRIVATE LIMITED,Active,1000000.00,1000000.00,Private
U70109DL2011PTC214920,DIVINUS PROMOTERS PRIVATE LIMITED,Active,1500000,990240,Private
U65992KA2011PTC061103,AARNA SABAL CHIT FUND PRIVATE LIMITED,Strike Off,100000.00,100000.00,Private
U72100DL2016PTC289775,OPTIMAGENT BUSINESS PROCESS PRIVATE LIMITED,Active,100000,100000,Private
U74920KA2013PTC068030,VIJEYA GAUTHAM SECURITY SERVICE PRIVATE LIMITED,Active,200000.00,100000.00,Private
U55101MH2010PTC200582,KOHINOOR ELITE HOTELS PRIVATE LIMITED,Active,340500000.00,312743000.00,Private
U23101TN2019PTC132084,UNI RADIANT COMMODITIES PRIVATE LIMITED,Active,1000000.00,100000.00,Private
U24100GJ2020PTC112784,NITROCHEM SOLUTIONS PRIVATE LIMITED,Strike Off,1000000.00,1000000.00,Private
U74100DL2024PTC436606,SCAN TO BIM SERVICE PRIVATE LIMITED,Active,500000,100000,Private
U55101MH2007PTC175768,YORKSHIRE RESORTS & PROJECTS PRIVATE LIMITED,Strike Off,3000000.00,100000.00,Private
U25202MH1980PTC022606,CENTURY PACKAGING PVT LTD,Strike Off,100000.00,0.00,Private
U65990MH2019PLC329227,WADMAULI URBAN COOP CREDIT NIDHI LIMITED,Active,1000000.00,500000.00,Public
U35105MH2024PTC422121,GURU RAM GREEN ENERGY PRIVATE LIMITED,Active,100000.00,100000.00,Private
U29253DL2011PTC213854,PRAGATI SAFETY ENGINEERS PRIVATE LIMITED,Active,2500000,500000,Private
U52520DL2016PTC299503,CHEXX RETAIL PRIVATE LIMITED,Active,100000,100000,Private
U93090DL2017PTC318771,MASCOT & HEDGE PRIVATE LIMITED,Active,1000000,100000,Private
U72900MH2019PTC328253,VINDEX INFOTECH PRIVATE LIMITED,Active,100000.00,100000.00,Private
U74210TN2007PTC062772,LAVEM ENGINEERING TRADING AND SERVICES PRIVATE LIMITED,Strike Off,500000.00,100000.00,Private
U45201GJ1992PTC018543,KASHIPAREKH CONSTRUCTIONS PVT LTD,Strike Off,100000.00,1500.00,Private
U40108DL2011PTC227657,M'DU MON POWER AND INFRASTRUCTURE PRIVATE LIMITED,Strike Off,100000,100000,Private
U55101DL2012PTC232533,LE RENDEZ-VOUS RESTAURANTS PRIVATE LIMITED,Strike Off,100000,100000,Private
U51909DL2004PTC127421,KEDAR IMPEX PRIVATE LIMITED,Active,100000,100000,Private
U85320PN2021NPL205114,DAKSHTA INDIAN ROAD SAFETY FOUNDATION,Active,500000.00,50000.00,Private
U92190GJ2014PTC078907,ORBIS INFINIUM PRIVATE LIMITED,Dissolved (Liquidated),600000.00,100000.00,Private
U74900MH2012PTC228219,MAULI DRIP IRRIGATION PRIVATE LIMITED,Strike Off,100000.00,100000.00,Private
U74999MH2019PTC331794,PACOMERI INDIA PRIVATE LIMITED,Strike Off,1500000.00,100000.00,Private
U74900DL2015PTC276803,PANAMA CREATION PRIVATE LIMITED,Active,500000,100000,Private
U01100KA2022PTC165655,B V PATIL SOMNATHHALLI FARMERS PRODUCER COMPANY LIMITED,Active,1000000.00,100000.00,Private
U85110TN2015PTC100831,MEDALL SCANS AND LABS RANCHI PRIVATE LIMITED,Active,100000.00,100000.00,Private
U51909DL1998PTC096591,WATPUREK SYSTEMS PRIVATE LIMITED,Strike Off,200000,102000,Private
U45400PN2019PTC187963,WEBUILDCON INDIA PRIVATE LIMITED,Active,100000.00,100000.00,Private
U64990KA2024PTC185756,SMERSH HOLDINGS PRIVATE LIMITED,Active,1000000.00,10000.00,Private
U45201GJ2003PTC042766,DEVRAJ DEVELOPERS PRIVATE LIMITED,Converted to LLP,2500000.00,2500000.00,Private
U17111TZ2011PTC016669,VASISTA SPINNING AND TEXTILE MILLS INDIA PRIVATE LIMITED,Strike Off,1000000.00,100000.00,Private
U72200DL2015PTC286867,CODEGLASS SOFTWARE SERVICES PRIVATE LIMITED,Strike Off,100000,1000,Private
U70200DL2020PTC371964,BVM GLOBAL INVESTORS PRIVATE LIMITED,Active,1500000,480000,Private
U01409TN2022PTC157676,EARTHLY WISDOM PRIVATE LIMITED,Active,100000.00,100000.00,Private
U26914GJ1996PTC030298,WESTERN FRITS PRIVATE LIMITED,Strike Off,100000.00,0.00,Private
U65110TN1926PLC001738,MODERN BANK LIMITED,Dissolved (Liquidated),200000.00,0.00,Public
U74999DL2018PTC339090,URRJA FACILITY AND EVENTS PRIVATE LIMITED,Active,100000,100000,Private
U74999KA2020PTC140105,VIZUDDHA SOLUTIONS PRIVATE LIMITED,Active,1000000.00,100000.00,Private
U34102DL2003PTC122452,AVIJEET MOTORS PRIVATE LIMITED,Active,1000000,100000,Private
U65929MH1997PTC109432,SHREE GAJANAN EQUFIN PRIVATE LIMITED,Strike Off,100000.00,6000.00,Private
U63011DL2002PTC117694,DIVINE CARGO PRIVATE LIMITED,Active,500000,100000,Private
U74120MH2015PTC270209,MAANN MEDICALS PRIVATE LIMITED,Active,100000.00,100000.00,Private
U47990MH2024PTC436156,TREVION WEALTHY LIFESTYLE INDIA PRIVATE LIMITED,Active,210000.00,105000.00,Private
U35106MH2023PTC407797,PEONY PROPERTIES PRIVATE LIMITED,Active,500000.00,500000.00,Private
U45309PN2021PTC203112,RAJVARDHAN HARSHVARDHAN INFRAPOWER PRIVATE LIMITED,Active,1000000.00,100000.00,Private
U70101DL2006PTC146024,PESHWA REALTORS PRIVATE LIMITED,Strike Off,500000,100000,Private
U74999DL2014PTC274333,GLOBAL SURGICALS INDIA PRIVATE LIMITED,Strike Off,200000,200000,Private
U85100DL2010PTC205817,MBS HEALTHCARE PRIVATE LIMITED,Active,100000,100000,Private
U32110MH2024PTC424222,MARUTI JEWELLERS PRIVATE LIMITED,Active,1000000.00,1000000.00,Private
U74140DL2012PTC246597,DECISION TREE ANALYTICS AND SERVICES PRIVATE LIMITED,Active,500000,500000,Private
U72900TZ2019PTC031809,SIRAGIRI SOLUTIONS PRIVATE LIMITED,Strike Off,1000000.00,20000.00,Private
U70200DL2010PTC205724,TERRA FIRMA TOWERS PRIVATE LIMITED,Active,1000000,100000,Private
U62090DL2024PTC436932,RITKRITI IT SERVICES PRIVATE LIMITED,Active,100000,10000,Private
U70100DL2011PTC223363,PINUS CONSTRUCTIONS PRIVATE LIMITED,Active,100000,100000,Private
U55101KA2023PTC171535,MEMARA VENTURES PRIVATE LIMITED,Active,1500000.00,1500000.00,Private
U87300MH2024NPL429831,SADMEK FOUNDATION,Active,400000.00,10000.00,Private
U85300MH2011NPL218840,PANCHSHEEL CARE FOUNDATION,Active,0.00,0.00,Private
U24297MH2008PTC177283,LUBRIKOTE FORSYTHE PRIVATE LIMITED.,Strike Off,1000000.00,100000.00,Private
U72900PN2016PTC158636,CADEM SOFTWARE PRIVATE LIMITED,Active,100000.00,100000.00,Private
U99999MH1987PTC043548,SIDDHARTH BUILDERS AND DEVELOPERS PVT LTD,Active,1000000.00,317000.00,Private
U93090GJ2018PTC103907,ANZEN ADS PRIVATE LIMITED,Active,100000.00,100000.00,Private
U51909DL2004PTC126300,NAVODIT MARKETING PRIVATE LIMITED,Strike Off,100000,100000,Private
U99999MH1985PTC037286,SUPERIOR FARM INPUTS PVT LTD,Strike Off,500000.00,0.00,Private
U67190TZ1992PTC003710,M.V.INVESTMENTS PRIVATE LIMITED,Strike Off,100000.00,0.00,Private
U72900KA2020PTC141914,SUPRANET PRIVATE LIMITED,Strike Off,100000.00,100000.00,Private
U74900PN2011PTC140588,SFS FIRE PROTECTION INDIA PRIVATE LIMITED,Active,500000.00,120000.00,Private
U51101MH2015PTC271207,VINDHYACHAL PHARMACEUTICALS PRIVATE LIMITED,Active,100000.00,100000.00,Private
U28900GJ2021PTC122816,POLINE TECHNOLOGIES PRIVATE LIMITED,Active,1500000.00,1500000.00,Private
U74909DL2025OPC445682,EVOLVERA DROP SERVICING (OPC) PRIVATE LIMITED,Active,100000,100000,One Person Company
U66190TN2024PTC171927,GLITZ FINGATEZ PRIVATE LIMITED,Active,1500000.00,50000.00,Private
U72200KA1991PTC011817,NOODLE SOFTWARE SYSTEMS PRIVATE LIMITED,Strike Off,200000.00,2000.00,Private
U25202DL2004PTC130004,PARAS POLYPACK PRIVATE LIMITED,Active,100000,100000,Private
U74900DL2012PTC229994,MOIM CONSULTING INDIA PRIVATE LIMITED,Strike Off,100000,100000,Private
U18204GJ2013PTC077098,TREVIS VENTURES PRIVATE LIMITED,Strike Off,100000.00,100000.00,Private
U70109MH2011PTC216475,SHUBH SHALINI LIFESCAPES PRIVATE LIMITED,Converted to LLP,500000.00,100000.00,Private
U22209TZ2024PTC031188,GARNER GRANULES PRIVATE LIMITED,Active,1000000.00,100000.00,Private
U72900DL2020PTC367634,AVISTAR SERVICES PRIVATE LIMITED,Active,100000,100000,Private
U74999MH2020PTC342187,TAXVEGA PRIVATE LIMITED,Active,10000.00,10000.00,Private
U46901TZ2024PTC031788,VVMART TRADERS INDIA PRIVATE LIMITED,Active,100000.00,100000.00,Private
U01122PN2022PTC215505,GONDEGAON FARMER PRODUCER COMPANY LIMITED,Active,1000000.00,100000.00,Private
U29199TZ1998PTC008442,YUVA ENGINEERING INDUSTRIES PRIVATE LIMITED,Strike Off,500000.00,100000.00,Private
U80300PN2019PTC187046,THINK QUE CONSULTING PRIVATE LIMITED,Active,1000000.00,400000.00,Private
U46309MH2023PTC414059,CARESS FOOD PRIVATE LIMITED,Active,100000.00,100000.00,Private
U91110GJ1944PLC000778,KATHIAWAR INDUSTRIES LTD,Active,10000000.00,4470950.00,Public
U52291DL2025PTC440840,ADVENTURA TRAVEL SERVICES PRIVATE LIMITED,Active,100000,100000,Private
U01100MH2020PTC352098,SHRAVANISHREYASI FARMER PRODUCER COMPANY LIMITED,Active,1000000.00,1000000.00,Private
U15139KA1982PTC005087,ASHOKA FRUITS PRIVATE LIMITED,Strike Off,1000000.00,20.00,Private
U80900TN2018OPC124921,QLIVE LEARNING (OPC) PRIVATE LIMITED,Active,100000.00,100000.00,One Person Company
U51900GJ2011PTC064101,KAPIL COMMODITIES PRIVATE LIMITED,Strike Off,100000.00,100000.00,Private
U74140DL2015PTC280029,UNIVERSAL GLOBAL INDUSTRIES PRIVATE LIMITED,Strike Off,100000,100000,Private
U20219KA2023PTC180450,DUOVIT CHEMICALS PRIVATE LIMITED,Active,1000000.00,100000.00,Private
U74900TN2015PTC100710,SARVAJIT TURNKEY SOLUTIONS PRIVATE LIMITED,Strike Off,1000000.00,100000.00,Private
U51900MH1992PTC068295,ATTALIKA IMPEX PRIVATE LIMITED,Active,500000.00,111000.00,Private
U74999KA2020PTC138011,AITEN PRIVATE LIMITED,Active,1000000.00,100000.00,Private
U78300MH2023PTC413378,EXPOINT RECRUITMENT PRIVATE LIMITED,Active,100000.00,100000.00,Private
U70101DL2004PTC127712,STUDIO D BUILDERS PRIVATE LIMITED,Active,17500000,15748450,Private
U20213MH2008PTC180079,EGO WALL DECOR PRIVATE LIMITED,Active,100000.00,100000.00,Private
U24290KA2022PTC167666,SACHKAR PHARMACEUTICALS PRIVATE LIMITED,Active,1000000.00,100000.00,Private
U85300TN2019PTC129164,YORA FITNESS PRIVATE LIMITED,Active,200000.00,200000.00,Private
U74999KA2018PTC112506,TWINGS SCIENCE HUB PRIVATE LIMITED,Strike Off,100000.00,100000.00,Private
U65990MH1990PTC057943,DHANGALA INVESTMENTS PRIVATE LIMITED,Strike Off,119500.00,100000.00,Private
U45200MH2009PLC193950,BHIND MIHONA GOPALPUR TOLL ROADS LIMITED,Active,30500000.00,17050000.00,Public
U74999DL2015PTC278316,SPL ECOSMART PRIVATE LIMITED,Under process of striking off,100000,100000,Private
U67190TN1994PLC028301,SENDOOR MURUGAN BENEFIT FUND LIMITED,Active,1200000.00,1029880.00,Public
U32200KA2010PTC054198,ANANYA CABLE TECH PRIVATE LIMITED,Active,2400000.00,1000000.00,Private
U72900KA2022PTC168709,EXCELPEP PRIVATE LIMITED,Active,1000000.00,100000.00,Private
U59112DL2023PTC419470,SWYTCH BRAND PARTNERS PRIVATE LIMITED,Active,100000,100000,Private
U65910GJ1992PTC017529,TECHCRONUS BUSINESS SOLUTIONS PRIVATE LIMITED,Active,10000000.00,7000000.00,Private
U74999GJ2016OPC093629,JAYBALMIT BROTHERS (OPC) PRIVATE LIMITED,Active,100000.00,100000.00,One Person Company
U72900DL2002PTC116491,U V DESIGN LAB PRIVATE LIMITED,Strike Off,200000,200000,Private
U45201GJ1993PTC018824,BHAVNA EARTHMOVING CONSTRUCTION PVT LTD,Strike Off,100000.00,0.00,Private
U33121KA1992PTC013680,AUTHORISATION SYSTEMS (INDIA)PRIVATE LIMITED,Strike Off,5000000.00,30.00,Private
U88900PN2024NPL236330,MAPRO EMPLOYEE WELFARE FOUNDATION,Active,100000.00,100000.00,Private
U72900PN2022PTC211394,WISERLI PRIVATE LIMITED,Active,500000.00,100000.00,Private
U74999PN2017PTC173004,GLEAMCORE RENERGY PRIVATE LIMITED,Active,100000.00,100000.00,Private
U85300PN2022PTC208366,AADHAR SATARA MULTISPECIALITY HOSPITAL PRIVATE LIMITED,Active,100000.00,90000.00,Private
U78100PN2025PTC239207,JOBGONIC PRIVATE LIMITED,Active,100000.00,100000.00,Private
U24231GJ1981PTC004411,GUJARAT SIL-CHEM PRIVATE LIMITED,Active,1000000.00,96000.00,Private
U24231GJ1997PTC032525,MODI HEALTH CARE PRIVATE LIMITED,Strike Off,1000000.00,500000.00,Private
U27310GJ1977PTC002996,DEY MACHINERY MANUFACTURERS PVT LTD,Strike Off,500000.00,100000.00,Private
U92490TN1999PTC043861,SUNTEL ENTERTAINMENTS PRIVATE LIMITED,Strike Off,500000.00,0.00,Private
U72900MH2021PTC362783,ELECTROVERT LABS PRIVATE LIMITED,Strike Off,1500000.00,100000.00,Private
U20299GJ2019PTC110146,ANAGHA PLYWOOD PRIVATE LIMITED,Active,22000000.00,22000000.00,Private
U93030MH2012PLC227846,CLUB ASHOKA INFRA AND RESORTS (I) LIMITED,Strike Off,500000.00,500000.00,Public
U74999MH1996PLC097029,SHREE SHIVKRUPA INDUSTRIES LIMITED,Active,10000000.00,7000.00,Public
U38007MH1991PTC061542,FIFTH GENERATION (INDIA) PRIVATE LIMITED,Strike Off,500000.00,0.00,Private
U74899DL1986PTC025611,PAHWA CHIT FUND PRIVATE LIMITED,Strike Off,200000,103000,Private
U93000DL2019OPC349984,CVSP CONSULTANTS (OPC) PRIVATE LIMITED,Strike Off,100000,100000,One Person Company
U70100DL2012PTC237849,ALTIS LANDHOLDINGS PRIVATE LIMITED,Strike Off,1000000,200000,Private
U93090MH2018PTC311038,GEOMAPPING & INFRA SOLUTIONS PRIVATE LIMITED,Active,1000000.00,100000.00,Private
U24230MH1985PTC037718,ELAJ REMEDIES (INDIA) PVT LTD,Active,1000000.00,100000.00,Private
U74990KA2021FTC146091,PARK SYSTEMS INDIA PRIVATE LIMITED,Active,4500000.00,4100000.00,Private
U51900MH2008PTC187621,CONROS TRADING PRIVATE LIMITED,Active,100000.00,100000.00,Private
U66190TN2023OPC165766,AKIL CREDIT MANAGEMENT SERVICES (OPC) PRIVATE LIMITED,Active,1500000.00,200000.00,One Person Company
U74994DL2022PTC396748,ADITI SOLUTION PRIVATE LIMITED,Active,1000000,100000,Private
U24100MH2019PTC333729,ESSENZIA HAIR AND SKIN PRIVATE LIMITED,Active,100000.00,100000.00,Private
U71100DL2024PTC428781,CIVICSINDIA PROJECTS AND CONSULTANTS PRIVATE LIMITED,Active,500000,10000,Private
U74899DL1986PTC024687,WELLCO PAINTS PRIVATE LIMITED,Strike Off,500000,100000,Private
U51909PN2017PTC170159,LEADER LIFESCIENCE PRIVATE LIMITED,Active,100000.00,100000.00,Private
U74999TN2018PTC125498,THINK9PIE FINTECH PRIVATE LIMITED,Active,100000.00,100000.00,Private
U74999TN2022PTC154297,UPTUS ACADEMY PRIVATE LIMITED,Active,100000.00,10000.00,Private
U65993KA1997PLC022127,MAHANT INVESTMENTS LIMITED,Strike Off,30000000.00,900.00,Public
U17291MH2014PTC260086,KURIYA COTSPIN PRIVATE LIMITED,Active,700000.00,100000.00,Private
U85100GJ2022NPL128862,DOHAST CRAFTS AND ARTS FOUNDATION,Active,100000.00,100000.00,Private
U01400DL2015PTC288346,NRSBLESS AGRO PRIVATE LIMITED,Active,100000,100000,Private
U74999MH2022PTC390746,OSR FINANCE SOLUTIONS PRIVATE LIMITED,Active,100000.00,100000.00,Private
U45201TN1991PTC021146,PAAVAI CONSTRUCTIONS P. LTD,Strike Off,500000.00,0.00,Private
U63000DL2010PTC210941,SURAKSHIT ROAD CARRIER AND LOGISTICS PRIVATE LIMITED,Active,2500000,2500000,Private
U85110KA2014PTC076749,HEAFFORD INSTITUTE FOR ADVANCED CARE PRIVATE LIMITED,Converted to LLP,5000000.00,3100000.00,Private
U45400MH2012PTC231739,SHREETAJSHREE INFRA & POWER PRIVATE LIMITED,Active,5000000.00,100000.00,Private
U22130MH2010PTC207138,VU MEDIA & INTERNET SERVICES PRIVATE LIMITED,Strike Off,100000.00,100000.00,Private
U85300MH2021NPL362397,IMPACT FOR CHANGE FOUNDATION,Active,100000.00,100000.00,Private
U52393DL2018PTC341741,NARAYANI HEERA BHARAT TRADEX PRIVATE LIMITED,Active,100000,100000,Private
U35105GJ2024PTC154775,TRIZONE GREEN ENERGY PRIVATE LIMITED,Active,100000.00,100000.00,Private
U45200MH2011PTC218653,MAHALASA NARAYANI DEVELOPERS PRIVATE LIMITED,Strike Off,1000000.00,500000.00,Private
U74999DL2017PTC318724,EKOMKAR BUSINESS SOLUTIONS PRIVATE LIMITED,Strike Off,1000000,100000,Private
U70100MH1997PTC106224,PRAKASH TRADCON PRIVATE LIMITED,Strike Off,500000.00,10000.00,Private
U55101PN2004PTC019570,CAPTAN'S SPA AND HEALTH RESORTS PRIVATE LIMITED,Strike Off,1000000.00,607500.00,Private
U65992TN2016PTC104204,MSVNIUM CHITS PRIVATE LIMITED,Active,500000.00,500000.00,Private
U72900DL2016PTC304697,NUEDUMATION PRIVATE LIMITED,Strike Off,100000,100000,Private
U67190MH2015PTC269571,INFOLINE FIN ADVISORY PRIVATE LIMITED,Active,100000.00,100000.00,Private
U45203MH2010PTC198792,GOODLIFE DWELLERS PRIVATE LIMITED,Active,100000.00,100000.00,Private
U65999PN2022PLN209997,MIRI URBAN MULTIPURPOSE NIDHI LIMITED,Active,1500000.00,500000.00,Public
U15400MH2022PTC386821,PAN-PACK FOODS PRIVATE LIMITED,Active,500000.00,100000.00,Private
U63090GJ2019PTC107215,CYL ENTERPRISE PRIVATE LIMITED,Strike Off,1000000.00,200000.00,Private
U78100DL2025PTC446008,NET 2 NEXT SERVICES PRIVATE LIMITED,Active,50000,50000,Private
U45201DL2021PTC376903,QMS TELEINFRA PRIVATE LIMITED,Active,1000000,100000,Private
U74140MH1997PTC106909,WARD HOWELL-CONSINDIA PRIVATE LIMITED,Strike Off,1000000.00,102000.00,Private
U52609DL2017PTC319266,KARCIAA IMPEX PRIVATE LIMITED,Strike Off,200000,100000,Private
U51909DL2004PLC129493,RMS MERCANTILE LIMITED,Active,5800000,4862040,Public
U67120MH2007PTC174576,LIBORD BROKERAGE PRIVATE LIMITED,Active,150000000.00,150000000.00,Private
U15421PN2000PLC014788,HANUMAN SAKHAR KARKHANA LIMITED,Strike Off,2000000.00,9000.00,Public
U72200MH2020PTC345334,DHANKE TECHNOLOGIES PRIVATE LIMITED,Strike Off,100000.00,100000.00,Private
U36999DL2017PTC319498,PALLET DESIGN STUDIO PRIVATE LIMITED,Strike Off,100000,100000,Private
U13204DL2012PTC229735,ARAVALI NATURAL RESOURCES PRIVATE LIMITED,Active,153500000,105450000,Private
U74999TZ2015PTC022030,AL-JAVAD BUFFALO FARM PRIVATE LIMITED,Active,1000000.00,200000.00,Private
U65910DL1991PTC043959,COLOCAR LEASING AND FINANCE PRIVATE LIMITED,Strike Off,1000000,100000,Private
U01403DL1994PTC060215,SHILA FORGINGS PRIVATE LIMITED,Strike Off,500000,200,Private
U74899DL1992PTC051227,AMREV ELECTRONICS PRIVATE LIMITED,Strike Off,1000000,990020,Private
U52599TN2016PTC103669,JCESHOPZ ONLINE SERVICES PRIVATE LIMITED,Active,100000.00,100000.00,Private
U36910DL1994PLC063207,JEWEL MINE EXPORTS LIMITED,Strike Off,500000,7000,Public
U41000DL2020PTC371171,PURE LIQUID FILTER PRIVATE LIMITED,Strike Off,1000000,100000,Private
U74140DL2011PTC223749,NEW ERA TECHNIQUE PRIVATE LIMITED,Active,3000000,1225000,Private
U63040GJ1996PTC030406,BHAVYA TOURS AND TRAVELS PRIVATE LIMITED,Strike Off,100000.00,0.00,Private
U29120GJ2000PTC037191,LAXMIPRASAD PUMPS PRIVATE LIMITED,Active,5000000.00,5000000.00,Private
U72900DL2000PTC104203,A K S INFO SYSTEMS PRIVATE LIMITED,Active,100000,100000,Private
U31900DL2007PTC164413,TRIVENI ELECTROFAB PRIVATE LIMITED,Strike Off,500000,100000,Private
U74900PN2014PTC150573,WMS ENGINEERING PRIVATE LIMITED,Active,100000.00,100000.00,Private
U46497MH2024PTC423316,RCORP DIAGNOSTIC PRIVATE LIMITED,Active,100000.00,100000.00,Private
U74900DL2013PTC255541,SHINE GLOBE FAITH PRIVATE LIMITED,Strike Off,100000,100000,Private
U72900DL2022PTC396182,SRABC SOLUTIONS PRIVATE LIMITED,Active,1500000,100000,Private
U63000DL2010PTC206534,SHREE SAI TOURISM PRIVATE LIMITED,Strike Off,100000,100000,Private
U01403MH2010PTC209716,NANATTY FARMS PRIVATE LIMITED,Strike Off,100000.00,100000.00,Private
U93090KA2017PTC099333,THOUGHTRACKS DATA SERVICES PRIVATE LIMITED,Strike Off,500000.00,500000.00,Private
U65191TN1995PTC030302,LINGA FINANCE PRIVATE LIMITED,Strike Off,500000.00,100000.00,Private
U31404GJ2010PTC060537,EMPIRE POWER TECH PRIVATE LIMITED,Strike Off,100000.00,100000.00,Private
U33120KA2025PTC200465,SAMUTKARSHA TECHNOLOGIES PRIVATE LIMITED,Active,1000000.00,100000.00,Private
U30007PN2003PTC018127,ANGEL COMPUTERS AND SOFTWARE PRIVATE LIMITED,Strike Off,4200000.00,4109680.00,Private
U74899DL1997PTC091191,COLLAGE TELEIMAGES PRIVATE LIMITED,Active,100000,100000,Private
U80904MH2011PTC224067,ADWISE EDUCATION PRIVATE LIMITED,Active,100000.00,100000.00,Private
U72900PN2006FTC129077,MODULAR MINING SYSTEMS INDIA PRIVATE LIMITED,Dissolved under section 59(8),500000.00,100000.00,Private
U63090DL2001PTC109863,INTERNATIONAL CLEARING AGENCY PRIVATE LIMITED,Active,10000000,5154000,Private
U92490DL2017PTC314611,PRAMUKH HOSPITALITY PRIVATE LIMITED,Active,500000,500000,Private
U72900KA2021PTC150352,SMARTZOID INDIA PRIVATE LIMITED,Active,1000000.00,100000.00,Private
U45200TN2010PTC075160,SRI SANTHOSHI CIVIL ENGINEERING PRIVATE LIMITED,Active,500000.00,500000.00,Private
U15432KA1989PTC010085,POPULAR CONFECTIONERY PRODUCTS PRIVATE LIMITED,Strike Off,1000000.00,300.00,Private
U45202PN2022OPC208779,CHAUGULE BUILDCON (OPC) PRIVATE LIMITED,Active,100000.00,100000.00,One Person Company
U18101DL2005PTC133838,J P FASHION WEAR PRIVATE LIMITED,Strike Off,500000,500000,Private
U51109MH2008PTC182794,MKGS TRADING COMPANY PRIVATE LIMITED,Strike Off,500000.00,0.00,Private
U26517KA2023PTC171002,ENINVENTIA SOLUTIONS PRIVATE LIMITED,Active,100000.00,100000.00,Private
U85300MH2019NPL320431,PURELIFE FOUNDATION,Active,1000000.00,10000.00,Private
U17115TZ2003PTC010428,SRINIDHI FABRICS PRIVATE LIMITED,Active,120000000.00,114425000.00,Private
U74900KA2014PTC077796,KURANE TEXTILE PARK PRIVATE LIMITED,Active,1000000.00,100000.00,Private
U74999TN2022PTC152688,COVENANTSPACE REALTECH PRIVATE LIMITED,Active,100000.00,10000.00,Private
U74900KA2012PTC065087,MFINITE MARKETING SOLUTIONS PRIVATE LIMITED,Strike Off,2500000.00,100000.00,Private
U55209KA2017PTC104322,NKLS BUSINESS SOLUTIONS PRIVATE LIMITED,Active,1000000.00,100000.00,Private
U29150KA2015PTC079779,ANCHOR3G LIFTS PRIVATE LIMITED,Active,1000000.00,100000.00,Private
U72200DL2004PTC128439,RENAISSANCE BPO TECHNOLOGIES PRIVATE LIMITED,Strike Off,1000000,100000,Private
U43299DL2024PTC434359,NUSACK PRIVATE LIMITED,Active,1500000,1500000,Private
U52390MH2010PTC353889,SHARP VINCOM PRIVATE LIMITED,Amalgamated,1000000.00,100000.00,Private
U72900DL2014PTC269726,NIKOLA TECH PRIVATE LIMITED,Active,100000,100000,Private
U51109DL2016PTC289142,DREAM CARE FURNISHINGS PRIVATE LIMITED,Active,2000000,2000000,Private
U72200TN2001PTC047462,TEKATHLON SYS INDIA PRIVATE LIMITED,Strike Off,1000000.00,800000.00,Private
U74999TN2020PTC139129,LEESHAN MAN POWER AGENCY SERVICES PRIVATE LIMITED,Active,1000000.00,100000.00,Private
U46909DL2025PTC441091,GROLINKUS TRADING PRIVATE LIMITED,Active,20000,20000,Private
U40300GJ2020PTC116884,SILENT RAY SOLAR PRIVATE LIMITED,Active,4000000.00,4000000.00,Private
U51900MH1988PTC046424,SUMIT BIOSCIENCES PRIVATE LIMITED,Active,20000000.00,17685810.00,Private
U88900MH2024NPL434413,SANJEEVANI SANSKAR SAMVARDHAN FOUNDATION,Active,100000.00,100000.00,Private
U72900PN2009PTC133829,INSIGNIA E SECURITY PRIVATE LIMITED,Active,500000.00,500000.00,Private
U31900KA2022PTC168342,KINOI ROBOTICS & AI PRIVATE LIMITED,Active,1500000.00,500000.00,Private
U74899DL1987PTC028980,SUPER TRADE LINKS PRIVATE LIMITED,Strike Off,100000,2000,Private
U47733GJ2024PTC152640,BHAVANI JEWELS PRIVATE LIMITED,Active,1000000.00,100000.00,Private
U45209DL2012PTC242680,UNICEL INFRA PRIVATE LIMITED,Active,2500000,2500000,Private
U72501KA2018PTC113336,YUMMJOY VENTURES PRIVATE LIMITED,Under process of striking off,1000000.00,975000.00,Private
U63000DL2015PTC276663,JIT GLOBAL FREIGHT SOLUTIONS PRIVATE LIMITED,Active,500000,100000,Private
U33119DL2020PTC369454,PRASAD PSYCHO PRIVATE LIMITED,Active,1000000,1000000,Private
U93090MH2009PTC190982,SAMPAN AVIATION SERVICES PRIVATE LIMITED,Active,100000.00,100000.00,Private
U15201GJ1987PTC009323,AMOL FOOD PRIDUCTS AAND PACKAGING PVT LTD,Under process of striking off,500000.00,0.00,Private
U64201DL2005PTC134576,HIM TELECOM PRIVATE LIMITED,Strike Off,100000,100000,Private
U74899DL1994PLC063042,MCB SECURITIES LIMITED,Strike Off,10000000,2700000,Public
U51909DL1997PTC086265,ACCORD TRADEFIN PRIVATE LIMITED,Active,2500000,2107400,Private
U45200MH2005PTC156576,BAU DEVELOPER'S PRIVATE LIMITED,Active,10000000.00,10000000.00,Private
U74900TN2013PTC094210,ZION GLOBAL TECHNOLOGIES PRIVATE LIMITED,Strike Off,100000.00,100000.00,Private
U55101MH2007PTC175801,PINNACLE LIFESTYLE PRIVATE LIMITED,Active,10100000.00,10100000.00,Private
U36991MH1984PTC031798,SANGHVI AG. PENS PRIVATE LIMITED,Active,1200000.00,729600.00,Private
U88900MH2025NPL441728,TAWANGDIKSHA BHOOMI FOUNDATION,Active,0.00,0.00,Private
U72300MH2011PTC225141,SUSHMA TECHNOLOGY PRIVATE LIMITED,Active,100000.00,100000.00,Private
U22130DL2009PTC356147,EXPRESS BROADCASTING PRIVATE LIMITED,Active,31000000,26870000,Private
U51909KA1988PTC009125,USHA KIRAN PAPER AND BOARDS PRIVATE LIMITED,Strike Off,500000.00,100000.00,Private
U29196PN2004PTC019180,AJANTA WEIGH-BRIDGE PRIVATE LIMITED,Active,2000000.00,120000.00,Private
U93090DL1998PTC097323,SHAKUN CAR CARE PRIVATE LIMITED,Active,400000,360200,Private
U51909PN2020PTC197390,ADARSH GREEN ENERGY SOLUTIONS PRIVATE LIMITED,Active,100000.00,100000.00,Private
U45201TN2002PTC049969,JEEVAN PROMOTERS PRIVATE LIMITED,Strike Off,100000.00,100000.00,Private
U27100DL1995PLC069023,CAPITAL ISPAT LIMITED,Inactive for e-filing,6000000,0,Public
U74999DL2017NPL325710,UCCHTAR SHIKSHA MUKT VIDYALAYA FOUNDATION,Active,0,0,Private
U65993TN1980PTC008423,M M MUTHIAH SONS PRIVATE LIMITED,Active,700000.00,270350.00,Private
U80212PN2008PTC133296,RAJESHIRKE UNIKID PRIVATE LIMITED,Active,100000.00,100000.00,Private
U31908KA2011PTC057792,SUPER GRAFIC 'N' PRINTS PRIVATE LIMITED,Active,100000.00,1000.00,Private
U45209MH2012PTC237623,BEAVER GULF INFRA PRIVATE LIMITED,Strike Off,100000.00,100000.00,Private
U72900GJ2017PTC096820,TWOONEFOUR YANA TECH PRIVATE LIMITED,Active,100000.00,100000.00,Private
U74120MH2013PTC241462,GALLEON CONSULTANCY PRIVATE LIMITED,Strike Off,100000.00,100000.00,Private
U45200DL2006PTC155397,TARANI BUILDCON PRIVATE LIMITED,Strike Off,100000,0,Private
U72200DL2006PTC147017,RAY CREATIONS INFOSOFT PRIVATE LIMITED,Strike Off,100000,100000,Private
U72200KA2009PTC049445,CHIPLOJIK SOLUTIONS INDIA PRIVATE LIMITED,Strike Off,500000.00,500000.00,Private
U74999MH2021PTC369144,WEALTHCART VENTURES PRIVATE LIMITED,Active,100000.00,100000.00,Private
U56290DL2024PTC435960,DAL SAMARKAND FOODS PRIVATE LIMITED,Active,1000000,100000,Private
U72900MH2000PTC126129,RADICLE INFORMATICS PRIVATE LIMITED,Converted to LLP,100000.00,100000.00,Private
U47222DL2024PTC432769,PRAKRITI KUSUM PRIVATE LIMITED,Active,100000,100000,Private
U74899DL1997PTC085079,POWERPACK ELECTRICALS (INDIA) PRIVATE LIMITED,Active,20000000,13747000,Private
U74999DL2016PTC290620,UNIVERSAL BUSINESS FACILITIES & LIAISON SERVICES PRIVATE LIMITED,Active,500000,500000,Private
U92110MH1977PTC019801,S.S.MOVIETONE COMBINES PRIVATE LIMITED,Strike Off,500000.00,0.00,Private
U52599GJ2010PTC061092,PULKIT IMPEX PRIVATE LIMITED,Strike Off,100000.00,100000.00,Private
U63040DL1996PTC081859,BM TOURS & TRAVELS PRIVATE LIMITED,Strike Off,1500000,0,Private
U45200GJ2010PTC062815,KURVE CONSTRUCTION PRIVATE LIMITED,Active,100000.00,100000.00,Private
U60220TN2019PLC130582,BOBO TRANSPORT SERVICES LIMITED,Strike Off,1000000.00,500000.00,Public
U74999MH2022PTC395985,JPJ HR SERVICES PRIVATE LIMITED,Active,500000.00,100000.00,Private
U28997TN2022PTC151465,SAIKSHA KITCHEN APPLIANCES PRIVATE LIMITED,Active,6000000.00,6000000.00,Private
U26999TN2021PTC148417,ARIMA CEMENTS PRIVATE LIMITED,Active,15000000.00,15000000.00,Private
U52290DL2025PTC443367,EXPRESSGO TRANSPORTATION SERVICES PRIVATE LIMITED,Active,100000,100000,Private
U51101MH2014FTC260252,BRAMCOM INTERNATIONAL (INDIA) WHOLESALE PRIVATE LIMITED,Strike Off,1000000.00,100000.00,Private
U72900PN2022PTC210296,DASERA SOFTWARE INDIA PRIVATE LIMITED,Under Liquidation,1500000.00,25000.00,Private
U74999MH2022PTC392117,NXTGEN GYARVI KAKSHA PRIVATE LIMITED,Active,1000000.00,500000.00,Private
U85500PN2024NPL235527,IYNS RESEARCH FOUNDATION,Active,0.00,0.00,Private
U72900KA2021PTC144745,VEVESTA LABS PRIVATE LIMITED,Strike Off,100000.00,100000.00,Private
U65921MH1995PTC084304,PAN PHILS FINANCE PRIVATE LIMITED,Strike Off,1000000.00,0.00,Private
U93090MH2007PTC168943,INDIAN SECURITY SOLUTIONS PRIVATE LIMITED,Strike Off,500000.00,0.00,Private
U74899DL1988PTC031811,D M GEARS PRIVATE LIMITED,Strike Off,2500000,1800000,Private
U62099DL2023PTC415624,ANTAR DIGITAL MARKETING PRIVATE LIMITED,Active,100000,100000,Private
U72900GJ2013PTC076730,AAYU INFONET PRIVATE LIMITED,Active,100000.00,100000.00,Private
U63000DL2019PTC348129,THEMATIC HOLIDAYS PRIVATE LIMITED,Active,500000,300000,Private
U52241DL2023PTC411578,HANURAM LOGISTICS PRIVATE LIMITED,Active,1500000,100000,Private
U74900DL2012PTC230462,MIND LEASE SERVICES PRIVATE LIMITED,Active,100000,100000,Private
U74900DL1997PTC085839,KIROLITE DIESEL ENGINES PRIVATE LIMITED,Strike Off,500000,10000,Private
U52609TN2022PTC156021,MOMO KINGDOM FOODS PRIVATE LIMITED,Active,100000.00,100000.00,Private
U85110DL2010PTC209909,FAMILY HEALTH CARE HOSPITAL PRIVATE LIMITED,Active,50000000,39362430,Private
U23209DL1996PTC076123,SHANTI VAISH EXIM PRIVATE LIMITED,Strike Off,1000000,2000,Private
U52399KA2016PTC092333,STANOFIC PRIVATE LIMITED,Active,1000000.00,1000000.00,Private
U36101GJ2014PTC080346,WORKHORSE FURNITURE PRIVATE LIMITED,Strike Off,120000.00,120000.00,Private
U74900DL2012PTC235534,ACULINA SOLUTIONS PRIVATE LIMITED,Active,100000,100000,Private
U43299PN2024PTC229817,ADITIPURV.CONSTRUCTION PRIVATE LIMITED,Active,1000000.00,100000.00,Private
U00011TZ2002PTC010372,S M AGRO BIO TECH PRIVATE LIMITED,Strike Off,200000.00,100000.00,Private
U62013PN2025PTC241397,ONE-IRONAUT VERSE TECHNOLOGIES PRIVATE LIMITED,Active,1000000.00,100000.00,Private
